,ID(0.0.1),en,Russian,Korean,cn
Language,language_title,Language,P2,,语言,,
,language_desc,Select your language,P2,,选择你的语言,,
,language_option1,English,P2,,English,,
,language_option2,简体中文,P2,,简体中文,,
,language_option3,Русский язык,P2,,Русский язык,,
,language_option4,Español,P2,,Español,,
,language_option5,한국인,P2,,한국인,,
Verify Your Device,verify_title,Verify Your Device,P2,,设备验证,,
,verify_desc,This process ensures the integrity of your Keystone device and firmware.,P2,,通过设备验证功能，可以校验您的设备是否被篡改过；也可以用来校验固件的完整性。,需要review,
,verify_cont1,Visit our website and click #F5870A Start Verification# button.,P2,figma,访问我们的网站，然后单击＃F5870A 设备验证＃按钮。,,
,verify_cont1_link,https://keyst.one/verify,P2,,https://keyst.one/verify,,
,verify_cont2,Scan the QR code displayed on the website to get your device verification code.,P2,figma,使用设备扫描“设备验证”页面上显示的二维码后，会在设备上显示验证码。,,
,verify_cont3,Enter the code on the website to check for any potential tampering with your device.,P2,figma,在“设备验证”页面上输入验证码，检查您的设备是否被篡改。,,
,verify_scan_qr_code,Scan QR Code,,没在figma上看到这是哪块的,扫描二维码,,
,verify_modal_title,Verifying,,没在figma上看到这是哪块的,验证中...,,
,verify_modal_desc,Calculating Auth Code...,,没在figma上看到这是哪块的,获取验证码...,,
,verification_code_title,Verification Code,P2,,验证码,,
,verification_failed,Failed,P0,,验证失败,,
,verification_success,Verified,P0,,验证成功,,
,verification_code_desc,Enter this code on Keystone's official website to verify your device's security.,P2,     ,在“设备验证”页面上输入验证码，检查您的设备是否安全。,,
,verification_code_failed_title,Unauthorized breach attempt detected!,P2,,未经授权的违规尝试检测到！,？,
,verification_code_failed_desc,"Your device may have been compromised, posing a risk to your sensitive data and digital assets.
For your safety, we recommend erasing all personal data and contacting Keystone Support team immediately for assistance.",P2,,"您的设备存在潜在篡改可能，这将会对您的隐私数据和数字资产造成威胁。
为了您的资产安全，我们建议您删除所有个人数据，并立即与Keystone支持团队联系以寻求帮助。",？,
,verification_code_failed_link,support@keyst.one,P2,,support@keyst.one,,
,verification_code_failed_button,Erase Data & Shut Down,,“Unauthorized breach attempt detected!”页面底部的按钮，新补充上的,删除数据 & 关闭设备,？,
,verify_qr_title,Verify Your Device,P2,,设备验证,,
,verify_qr_link,https://keyst.one/verify,P2,,https://keyst.one/verify,,
Firmware Update,firmware_update_title,Firmware Update,P2,,固件升级,,
,firmware_update_desc,"To unlock the newest features, please update your firmware to the latest version.",P2,figma,如需体验最新功能，请下载最新固件！,？,
,firmware_update_via_sd,Via MicroSD Card,,,microSD卡,？,
,firmware_update_via_usb,Via USB,,,USB,？,
,firmware_update_usb_title,USB Update,P2,,USB更新,,
,firmware_update_usb_desc1,Ensure that your Keystone has at least 20% battery life remaining.,P2,,请确保您的设备电量高于20%。,,
,firmware_update_usb_desc2,Go to Keystone's firmware update page using your computer or smartphone.,P2,,使用计算机或智能手机转到Keystone的固件更新页面。,,
,firmware_update_usb_desc2_link,https://keyst.one/webusb,P2,,https://keyst.one/webusb,,
,firmware_update_usb_desc3,Connect your Keystone to your computer using a USB-C cable.,P2,,使用USB-C线缆将设备连接至计算机。,,
,firmware_update_usb_desc4,Click the #F5870A Install Update# button on the webpage and follow the instructions to install the latest firmware.,P2,,单击“WebUSB 固件升级”页面上的＃F5870A 开始连接＃按钮，然后根据提示安装最新的固件。,,
,firmware_update_usb_title2,#F5870A Caution#,P2,,＃F5870A警告＃,？,
,firmware_update_usb_desc5,Do not unplug the USB cable while the installation process is underway.,P2,,升级中，请保持USB连接。,,
,firmware_update_usb_qr_title,Firmware Update,P2,,固件升级,,
,firmware_update_usb_qr_link,https://keyst.one/webusb,P2,,https://keyst.one/webusb,,
,firmware_update_usb_connect_info_title,Connect to This Device?,P2,,连接到此设备？,,
,firmware_update_usb_connect_info_desc,"Once connected, the external device will gain permission to transfer data to your Keystone.",P2,,连接后，外部设备将获得将数据传输到Keystone的权限。,？,想了解之前为啥这样写
,firmware_update_usb_button_1,Not Now,,"""USB Update"" 页面弹窗下的按钮，新补充上的",稍后,？,
,firmware_update_usb_button_2,Connect,,"""USB Update"" 页面弹窗下的按钮，新补充上的",连接,,
,firmware_update_usb_low_title,Low Battery,,"""USB Update"" 页面弹窗下的按钮，新补充上的",低电量,,
,firmware_update_usb_low_desc,The device needs a minimum of 20% battery life to continue the process.,,"""USB Update"" 页面弹窗下的按钮，新补充上的",固件升级需要确保设备至少有 20% 以上的电量。,？,
,firmware_update_usb_low_button,OK,,"""USB Update"" 页面弹窗下的按钮，新补充上的",好的,,
,firmware_update_updating_title,Updating,,,升级中......,,
,firmware_update_updating_desc,Takes around 5 mins,P2,,大约需要5分钟,,
,firmware_update_usb_updating_hint,Do not disconnect the USB cable during the installation process.,P2,,升级中，请保持USB连接。,,
,firmware_update_sd_title,MicroSD Update,P2,figma,microSD更新,,
,firmware_update_sd_desc1,Ensure that your Keystone has at least 20% battery life remaining.,P2,,请确保您的设备电量高于20%。,,
,firmware_update_sd_desc2,Go to Keystone's firmware update page using your computer or smartphone.,P2,,使用电脑或手机访问Keystone的“固件更新”页面。,,
,firmware_update_sd_desc2_link,https://keyst.one/firmware,P2,,https://keyst.one/firmware,,
,firmware_update_sd_desc3,Transfer the firmware file (keystone3.bin) to your Keystone using a MicroSD card formatted in FAT32.,P2,,将固件（keystone3.bin）下载到 FAT32 格式的 microSD 卡内，插入到设备中。,？,
,firmware_update_sd_desc4,Tap the #F5870A Update# button below to initiate the process.,P2,,点击下方的＃F5870A 更新＃按钮，开始升级。,,
,firmware_update_sd_not_detected_title,Firmware Not Detected,P2,,未检测到固件,,
,firmware_update_sd_not_detected_desc,Please ensure that your MicroSD card is formatted in FAT32 and contains the firmware 'keystone3.bin'.,P2,,请确保您的 microSD 卡为 FAT32 格式，并包含固件“ keystone3.bin”。,,
,firmware_update_sd_copying_title,Starting Update,P2,figma,开始更新,？,
,firmware_update_sd_copying_desc,Do not remove the MicroSD Card while the update is underway.,P2,figma,升级过程中，请勿移除 microSD 卡。,,
,firmware_update_sd_dialog_title,Update Available,P2,,检测到可升级固件,？,
,firmware_update_sd_dialog_desc,A new firmware version is available. Do you want to update your device's firmware to the new version?,P2,,检测到新固件。是否将设备的固件更新为新版本？,？,
,firmware_update_sd_updating_title,Updating,P2,,升级中......,,
,firmware_update_sd_updating_desc,Takes around 5 mins,P2,,大约需要5分钟,,
,firmware_update_sd_failed_access_title,MicroSD Card Not Detected,P2,,未检测到 microSD 卡,,
,firmware_update_sd_failed_access_desc,Please ensure that you have properly inserted the MicroSD Card.,,,请确保您已正确插入了microSD卡。,,
,firmware_update_no_upgradable_firmware_title,No Upgradable Firmware Detected,,,未检测到可升级固件,,
,firmware_update_no_upgradable_firmware_desc,Your device firmware version is higher than or equal to the one on your microSD card.,,,设备当前版本已高于或等于 microSD 卡上的固件版本。,,
,firmware_update_deny_input_password_title,Please Enter Password,,新补充的,请输入密码,,
,firmware_update_deny_input_password,Enter Password,,,输入密码,,
,firmware_update_deny_title,Unlock Device Required,,没找到这个是哪块的,需要解锁设备,,
,firmware_update_deny_desc,You need to unlock your device to upgrade the firmware version.,P2,,您需要解锁设备以升级固件版本。,,
Battery,low_battery_pop_up_title,Low Battery,P2,,低电量,,
,low_battery_pop_up_desc,The device needs a minimum of 20% battery life to continue the process.,P2,,请确保您的设备电量高于20%。,,
Purpose,purpose_title,New Wallet,P2,,新建钱包,,
,purpose_desc,Create a new wallet or import an existing wallet with the seed phrase.,P0,figma,创建一个新的钱包或用助记词导入现有的钱包。,,
,purpose_new_wallet,Create Wallet,P2,,创建钱包,,
,purpose_import_wallet,Import Wallet,P2,,导入钱包,,
create wallet/single backup,single_backup_setpin_title,Set PIN Code,P0,,设置 PIN 码,,
,single_backup_setpin_desc,The PIN code will be used to unlock your wallet and authorize transactions.,P0,待定,使用 PIN 码解锁您的钱包并授权交易。,,
,single_backup_setpin_use_pin,Use PIN Code,P0,,使用 PIN 码,,
,single_backup_setpin_use_pass,Use Password,P2,,使用密码,,
,single_backup_setpass_title,Set Password,P0,,设置密码,,
,single_backup_setpass_desc,The password will be used to unlock your wallet and authorize transactions.,P0,待定,使用 PIN 码解锁您的钱包并授权交易。,,
,single_backup_setpass_desc_1,Set a strong password,,新补充的,设置强密码,,
,single_backup_setpass_error_1,Password must be at least 6 characters,,新补充的,密码必须至少 6 个字符,,
,single_backup_setpass_error_2,Password does not match,,新补充的,密码不匹配,,
,single_backup_repeatpin_title,Re-Enter PIN Code,P0,,重新输入 PIN 码,,
,single_backup_repeatpin_desc,Double confirm the PIN code you've entered.,P2,,再次确认您输入的 PIN 码。,,
,single_backup_repeatpin_error,PIN code does not match,P2,,PIN 码不匹配,,
,single_backup_repeatpass_title,Re-Enter Password,P0,,重新输入密码,,
,single_backup_repeatpass_desc,Double confirm the password you've entered.,P0,,再次确认您输入的密码。,,
,single_backup_namewallet_title,Name Your Wallet,P0,,命名您的钱包,,
,single_backup_namewallet_desc,Name your wallet and select an icon to make it easily distinguishable.,P0,,给您的钱包设置名字，并选择一个图标以使其易于区分。,,
,single_backup_namewallet_previntput,Wallet Name,P2,,钱包名称,,
,single_backup_namewallet_previntput_2,Pick an icon for your wallet,,新补充的,为您的钱包选择图标,,
,single_backup_choose_backup_title,Backup Options,P0,,备份选项,,
,single_backup_choose_backup_desc,Select the preferred method for backing up your seed phrase.,P0,,推荐使用这种方法来备份助记词。,？,
,single_backup_single_phrase_title,Standard Seed Phrase,P2,,标准的助记词,,
,single_backup_single_phrase_desc,12 or 24 seed phrase backup. Most commonly used method.,P0,,12或24个助记词备份，通常也是最常用的方法。,,
,single_backup_shamir_title,Shamir Backup,P2,,分片助记词,,
,single_backup_shamir_desc,An advanced procedure for securely storing your seed phrase.,P0,,高级选项,？,
,single_backup_learn_more_title,What is Shamir Backup?,P2,,什么是分片助记词？,,
,single_backup_learn_more_desc,The Shamir Backup method provides a highly secure way to recover a seed phrase. It involves splitting the seed phrase into multiple fragments and specifying the required number of fragments needed to restore the phrase.,P2,,分片助记词方法提供了一种高度安全的方法来备份助记词。它将助记词分成多个片段，并指定恢复助记词所需的片段数量。,？,
,single_backup_learn_more_link,Learn More,P2,,了解更多,,
,single_backup_learn_more_qr_title,What is Shamir Backup?,P2,,什么是分片助记词？,,
,single_backup_learn_more_qr_link,https://keyst.one/b/3rd/shamir,P2,,https://keyst.one/b/3rd/shamir,,
,single_backup_notice_title,Check Your Surroundings,P2,,检查您的周围环境,,
,single_backup_notice_desc1,"Never share your seed phrase with anyone else, as it grants access to your assets.",P0,figma,拥有您的助记词就可以访问您的资产，因此切勿与他人分享您的助记词。,？,
,single_backup_notice_desc2,"Ensure there are no onlookers or cameras when recording your seed phrase.
Please complete the setup process in one go to avoid any security risks.",P0,figma,请确保在没有旁观者或摄像头的环境下备份您的助记词！,？,
,single_backup_phrase_regenerate,Regenerate,P2,,再生,？,
,single_backup_phrase_regenerate_desc,Regenerate a new set of Seed Phrase?,,figma,重新生成一组助记词？,,
,single_backup_phrase_regenerate_button_1,Cancel,,新补充的,取消,,
,single_backup_phrase_regenerate_button_2,Regenerate,,新补充的,再生,？,
create wallet/phrase,single_phrase_title,Backup Your Seed,P2,,备份您的助记词,,
,single_phrase_desc,Write down your seed phrase and store it in a secure location.,P2,,写下您的助记词，然后将其存放在安全的地方。,,
,single_phrase_word_amount_select,Seed Phrase Count,P2,,助记词位数,？,
,single_phrase_12words,12 Words,P2,,12字,,
,single_phrase_24words,24 Words,P2,,24字,,
,single_phrase_confirm_title,Confirm Your Seed,P2,,确认您的助记词,,
,single_phrase_confirm_desc,Select the words below in the correct order to validate your seed phrase.,P2,,按顺序选择以下单词以验证您所保存的助记词。,,
,single_phrase_reset,Reset,P2,,重置,,
,single_phrase_not_match_title,Seed Phrase Mismatch,P2,,助记词不匹配,,
,single_phrase_not_match_desc,The seed phrase is incorrect. Please re-verify and try again.,P2,,助记词不匹配，请重新验证。,,
,single_phrase_low_battery_tilte,Low Battery,P2,,低电量,,
,single_phrase_low_battery_desc,The device needs a minimum of 20% battery life to continue the process,P2,,请确保您的设备电量高于20%。,,
createing wallet,create_wallet_generating_title,"Creating Wallet, Keep Device ON",P2,,创建钱包中，保持设备为开启状态......,？,
,create_wallet_generating_desc,Writing Secure Element...,P2,,写入安全芯片中...,,
SSB,shamir_phrase_number,Number of Shares,P2,,分片数量,,
,shamir_phrase_threold,Threshold,P2,,Threshold,？,恢复钱包的最小数量
,shamir_phrase_desc,Shamir Backup,P2,,分片助记词,,
,shamir_phrase_custodian_title,Share Share #F5870A 1#/N,P2,注意,分片＃F5870A 1＃/N,,
,shamir_phrase_custodian_desc,Please confirm you are the custodian of the Share #F5870A 1#,P2,,请确认您是该分片的持有者＃F5870A 1＃,？,
,shamir_phrase_notice_title,Check Your Surroundings,P2,,检查您的周围环境,,
,shamir_phrase_notice_desc1,"Never share your seed phrase with anyone else, as it grants access to your assets.",P2,figma,拥有您的助记词就可以访问您的资产，因此切勿与他人分享您的助记词。,,
,shamir_phrase_notice_desc2,"Ensure there are no onlookers or cameras when recording your seed phrase.
Please complete the setup process in one go to avoid any security risks.",P2,figma,请确保在没有旁观者或摄像头的环境下备份您的助记词！,,
,shamir_phrase_backup_title,Backup Your Seed,P2,figma,备份您的助记词,,
,shamir_phrase_backup_desc,Write down your Share #F5870A 1# phrase and keep it properly.,P2,,写下您的分片＃F5870A 1＃部分的助记词，并妥善保存。,,
,shamir_phrase_confirm_title,Confirm Your Seed,P2,figma,确认您的助记词,,
,shamir_phrase_confirm_desc,Select the words below in the correct order of your Share 1 phrase to validate your seed phrase.,P2,,按顺序选择以下单词，已验证您保存了当前分片的助记词。,？,
,shamir_phrase_verify_success_title,Verified,P2,待定,验证成功,,
,shamir_phrase_verify_success_desc1,"The seed phrase for this Share has been validated, please proceed to the next Share.",P2,,该分片对应的助记词已成功验证，请进入下一分片助记词的备份。,,
,shamir_phrase_verify_success_desc2,Tap the button below and hand the Keystone over to the custodian of Share 2.,P2,,点击下面的按钮，然后将 Keystone 交给分片 2 的托管人。,,
,shamir_phrase_not_match_title,Seed Phrase Mismatch,P2,,助记词不匹配,,
,shamir_phrase_not_match_desc,The seed phrase is incorrect. Please re-verify and try again.,P2,,助记词不正确，请重新尝试。,？,
,shamir_phrase_cancel_create_title,Quit Wallet Setup?,P2,,取消？,？,
,shamir_phrase_cancel_create_desc,"If you cancel, any confirmed Shares will be lost.",P2,,如果取消，之前输入的分片助记词将不会被保存。,？,
,shamir_phrase_continue_btn,Continue,P2,待定,继续,,
,shamir_phrase_share_number_fmt,Share #F5870A %d#/%d,,,分片 #F5870A %d#/%d,,
,shamir_phrase_share_notice_fmt,"Please confirm you are the custodian of the
Share #F5870A %d#",,,请确认您是分片 #F5870A %d# 的托管人。,,
,shamir_phrase_share_backup_notice_fmt,Write down your Share #F5870A %d# phrase and keep it properly.,,,写下您分片 #F5870A %d# 的助记词，并妥善保管。,,
,shamir_phrase_share_confirm_notice_fmt,Select the words below in the correct order of your Share #F5870A %d# phrase to validate your seed phrase.,,,按照正确顺序选择分片 #F5870A %d# 的助记词，已验证您保存了当前分片的助记词。,,
,shamir_phrase_cancel_create_btn,Quit,P2,,退出,？,
import wallet/single import,import_wallet_phrase_words_title,Seed Phrase Count,P2,,助记词数,,
,import_wallet_phrase_12words,12 Words,P2,,12字,,
,import_wallet_phrase_18words,18 Words,P2,,18字,,
,import_wallet_phrase_24words,24 Words,P2,,24字,,
,import_wallet_phrase_title,Import Your Seed,P2,,导入您的种子,,
,import_wallet_phrase_desc,Enter your seed phrase in the blanks provided below.,P2,,输入助记词当下列方框内。,,
,import_wallet_phrase_clear_btn,Clear,P2,,清除,,
,import_wallet_invalid_phrase_title,Invalid Seed Phrase,P2,,助记词无效,,
,import_wallet_invalid_phrase_title_desc,The seed phrase you've entered is invalid. Please re-verify your backup and try again.,,,您输入的助记词无效。请检查您所备份的助记词，重新尝试。,,
,import_wallet_choose_method,Choose Import Method,,,选择导入方法,,
,import_wallet_single_backup_desc,Recover your wallet with the specific seed phrase. Please complete the setup process in one go to avoid any security risks.,,,选择特定的助记词类型来恢复钱包。请一次完成设置过程，以避免任何安全风险。,,
,import_wallet_single_phrase,Single Secret Phrase,,,标准助记词,？,
,import_wallet_single_phrase_desc,"You'll need a 12/18/24 seed phrase
to recover your wallet",,,您需要使用 12/18/24 字的助记词来恢复钱包。,,
,import_wallet_shamir_backup,Shamir Backup,,,分片助记词,,
,import_wallet_shamir_backup_desc,"You'll need a couple of seed phrase
shares to recover your wallet",,,您需要多个分片助记词来恢复您的钱包。,,
,import_wallet_invalid_phrase_desc,The phrase you typed is invalid. Please check your backup and try again,P2,,您输入的助记词无效。请检查您所备份的助记词，重新尝试。,,
import wallet/SSB,import_wallet_ssb_words_title,Seed Phrase Count,,,助记词数,,
,import_wallet_ssb_20words,20 Words,,,20字,,
,import_wallet_ssb_33words,33 Words,,,33字,,
,import_wallet_ssb_title_fmt,Share #F5870A %d#,P2,,分片＃F5870A％D＃,,
,import_wallet_ssb_step_fmt,%d of %d,,,%d 的 %d,,
,import_wallet_ssb_desc_fmt,Enter your  #F5870A %d#-word seed phrase for Share #F5870A %d# in the blanks provided below.,P2,,请将您分片#F5870A %d# 的助记词输入到下列空白框内。,,
,import_wallet_ssb_incorrect_title,Duplicate Share,P2,待定,重复分片,,
,import_wallet_ssb_repeat_desc,The Share entered has already been previously inputted. Please submit a different Share.,P2,待定,该分片已经被倒入过，请输入其他分片助记词。,,
,import_wallet_ssb_notbelong_title,Share Mismatch,,,分片助记词不匹配,,
,import_wallet_ssb_notbelong_desc,The Share you've entered doesn't correspond to this backup. Please re-verify your backup and try again.,P2,,您输入的助记词与该钱包不匹配。请检查您所备份的助记词，重新尝试。,,
,import_wallet_ssb_cancel_title,Cancel Import Wallet?,P2,待定,取消钱包导入？,,
,import_wallet_ssb_cancel_desc,"Upon cancellation, you will be required to re-enter all the Shares again.",P2,,一旦取消，您需要再次输入所有的分片助记词才能进入。,,
,import_wallet_ssb_cancel_btn_1,Not Now,,待定,稍后,,
,import_wallet_ssb_cancel_btn_2,Quit,,待定,取消,,
,import_wallet_duplicated_share_title,Duplicate Share,,,重复分片,,
,import_wallet_duplicated_share_desc,"You’ve already checked this share, please use another share to continue.",,,该分片已验证通过，请继续输入下一分片的助记词。,,
,import_wallet_share_success_desc,This share of your seed phrase matches your wallet.,,,您的助记词与您的钱包相匹配。,,
connect wallet,connect_wallet_title,Connect Wallet,P2,,连接钱包,,
,connect_wallet_desc,Scan the QR code with your software wallet,P2,,使用软件钱包扫描该二维码,,
,connect_wallet_xpub_qrformat,QR Code Format,P2,,二维码格式,,
,connect_wallet_xpub_addresstype,Address Type,P2,,地址类型,,
,connect_wallet_keystone_hint,Select networks you’d like to manage in the software wallet,,,选择您想在软件钱包中管理的网络,,
,connect_wallet_scan,Scan the QR code with your software wallet,,,使用软件钱包扫描该二维码,,
,connect_wallet_supported_networks,Supported Networks,,,支持的网络,,
,connect_wallet_select_network,Select Network,,,选择网络,,
,connect_wallet_select_network_hint,Select the networks you'd like to display within the software wallet.,,,选择要在软件钱包中显示的网络。,,
,connect_wallet_choose_wallet,Choose Wallet,,,选择钱包,,
,connect_wallet_upgrade_hint,Please upgrade to the latest version for access to expanded software wallet compatibility.,,,请升级到最新版本，以体验最新兼容的软件钱包。,,
,connect_wallet_instruction,Follow the instructions below:,,,连接方式说明：,,
,connect_wallet_eternl_step1,Select accounts you’d like to import on your Eternl wallet,,,选择您想同步到 Eternl 钱包的帐户,,
,connect_wallet_eternl_step2,Scan the QR code via your Keystone,,,使用 Keystone 扫描二维码,,
,connect_wallet_eternl_step3,Approve the request to generate a new QR code on your Keystone,,,通过请求，然后 Keystone 会生成一个二维码,,
,connect_wallet_eternl_step4,Scan the QR code via Eternl wallet,,,使用 Eternl 钱包扫描 Keystone 上生成的二维码,,
,connect_wallet_key_request_fmt,%s Wallet wants to get your public key on your Keystone: ,,,％s 钱包请求获取 Keystone 上的部分扩展公钥：,？,
derivation_path,derivation_path_select_btc,Select the address type you’d like to use for Bitcoin,,,选择要用于比特币的地址类型,,
,derivation_path_btc_1_desc,"Modern format, lower fees, starts with ""bc1q.""",,,当前主流的地址类型，交易费较低，地址以“ bc1”开头。,,
,derivation_path_btc_2_desc,"Legacy & SegWit compatible, medium fees, starts with ""3.""",,figma,兼容 “Legacy” 和 “Segwit” 地址类型，交易费中等，地址以“ 3”开头。,,
,derivation_path_btc_3_desc,"Original format, higher fees, starts with ""1.""",,,最初的比特币地址格式，交易费较高，地址以“ 1”开头。,,
,derivation_path_btc_4_desc,"Taproot: Enhanced privacy and efficiency, starts with ""bc1p.""",,,Taproot：,待定,
,derivation_path_select_eth,Select the derivation path you’d like to use for Ethereum,,figma,选择以太坊地址的衍生路径,,
,derivation_path_eth_standard_desc,"Default, follows BIP44, widely used.",,figma,默认路径，遵循 BIP44，广泛使用。,,
,derivation_path_eth_ledger_live_desc,"Ledger-specific, optimized for Ledger device.",,figma,Ledger 对应的以太坊地址路径。,,
,derivation_path_eth_ledger_legacy_desc,"Older Ledger format, less common.",,figma,较老的 Ledger 地址衍生路径，不常用。,,
,derivation_path_select_sol,Select the derivation path you’d like to use for Solana,,figma,选择要用于 Solana 的推导路径,,
,derivation_path_sol_1_desc,,,figma,,,
,derivation_path_sol_2_desc,,,figma,,,
,derivation_path_sol_3_desc,,,figma,,,
,derivation_path_select_near,Select the derivation path you’d like to use for Near,,,选择 Near 的衍生路径,,
,derivation_path_near_standard_desc,Recommended. Widely adopted across numerous NEAR wallets.,,,推荐路径，被许多 Near 钱包采用。,,
,derivation_path_near_ledger_live_desc,,,,,,
,derivation_path_address_eg,Addresses eg.,,,例如：,,
,derivation_path_address,Address,,,地址,,
,derivation_path_change,Change Derivation Path,,,改变地址路径,,
device setting,device_setting_mid_btn,Device Settings,P2,,设备设置,,
,device_setting_wallet_setting_title,Wallet Settings,P2,,钱包设置,,
,device_setting_wallet_setting_desc,Name / Passcode / Passphrase...,P2,,名称 /密码 /密语钱包...,,
,device_setting_system_setting_title,System Settings,P2,,系统设置,,
,device_setting_system_setting_desc,Language / Screen / Reset...,P2,,语言 /屏幕 /重置...,,
,device_setting_connection_title,Connection,P2,,连接方式,,
,device_setting_connection_desc,USB / MicroSD Card,P2,,USB / microSD卡,,
,device_setting_about_title,About,P2,,关于,,
,device_setting_about_title_desc,v1.0.2,,注意,v1.0.2,,
,wallet_settings_mid_btn,Wallet Settings,P2,,钱包设置,,
,wallet_setting_passcode,Fingerprint & Passcode,P2,,指纹/密码,,
,wallet_setting_passphrase,Passphrase,P2,,密语钱包,,
,wallet_setting_seed_phrase,Seed Phrase Check,P2,,验证助记词,,
,wallet_setting_add_wallet,+ Add Wallet,P2,,+添加钱包,,
,fingerprint_passcode_mid_btn,Fingerprint & Passcode,P2,,指纹/密码,,
,fingerprint_passcode_fingerprint_setting,Fingerprint Settings,P2,,指纹设置,,
,fingerprint_passcode_reset_passcode,Reset Passcode,P2,?,重置密码,,
,fingerprint_add,Add Fingerprint,,,添加指纹,,
,fingerprint_add_desc,Position your finger on the sensor and lift it up once you sense the vibration.,,,将手指放在传感器上，感觉到振动后抬起手指。,,
,fingerprint_add_success,Add Successfully,,,添加成功,,
,fingerprint_add_failed,Failed to Add,,,添加失败,,
,fingerprint_add_failed_use_another,"Failed to add fingerprint, please use another finger and try again",,,无法添加指纹，请使用另一根手指,,
,fingerprint_add_failed_duplicate,"Duplicate finger, please use a different finger",,,重复指纹，请尝试使用其他手指,,
,fingerprint_unlock_device,Unlock Device,,,解锁设备,,
,fingerprint_sign_tx,Sign Transactions,,,交易签名,,
,fingerprint_nth,Finger %d,,,指纹 ％d,,
,fingerprint_add_btn,+ Add Fingerprint,,,+添加指纹,,
,fingerprint_up_to_3,You can add up to 3 fingerprints,,,您最多可以添加 3 个指纹,,
,fingerprint_remove,Remove Fingerprint,,,删除指纹,,
,fingerprint_nth_remove_title,Remove Fingerprint?,,,删除指纹？,,
,fingerprint_add_password,Now we need you to enter your passcode to encrypt and store the fingerprint.,,,请输入设备密码来加密存储您的指纹。,,
,fingerprint_nth_remove_desc,Do you really want to delete Finger %d?,,,您真的想删除Finger％D吗？,,
,change_passcode_mid_btn,Enter Passcode,P2,?,输入密码,,
,set_passcode_title,Set a PIN Code,P2,,设置PIN码,,
,set_passcode_desc,This PIN code will be used to unlock your wallet and authorize transactions.,P2,待定,此PIN码将用于解锁您的钱包以及签署交易。,,
,change_passcode_warning_title,Remember your Passcode,P2,,记住您的密码,,
,change_passcode_warning_desc,"If forgotten, you'll have to verify the seed phrase for this wallet to reset the passcode.",P2,,如果您忘记了密码，则需要通过验证您的助记词来重置密码。,,
,repeat_passcode_title,Re-Enter PIN Code,P2,,重新输入PIN码,,
,repeat_passcode_desc,Double confirm the PIN code you've entered.,P2,,再次确认您的PIN码。,,
,change_passcode_reset_title,"Resetting, Keep Device ON",P2,,重置中，保持设备开启状态......,,
,change_passcode_reset_desc,Writing Secure Element...,P2,,写入安全芯片中...,,
,change_passcode_reset_success_title,Reset Successful,P2,待定,重置成功,,
,change_passcode_reset_success_desc,Your passcode has been reset successfully.,P2,,您的密码已成功重置。,,
,passphrase_enter_passcode,Passphrase,P2,,密语钱包,,
,passphrase_access_switch_title,Passphrase Quick Access,P2,,密语钱包快捷访问,,
,passphrase_access_switch_desc,Create a passphrase shortcut for device boot-up,P2,,开启后将会在设备重启后展示密语钱包快捷入口,,
,passphrase_enter_input,Input passphrase,P2,,输入密语,,
,passphrase_enter_repeat,Confirm passphrase,P2,,确认密语,,
,passphrase_error_not_match,Passphrase mismatch,,,密语不匹配,,
,passphrase_error_too_long,input length cannot exceed 128 characters,,,输入长度不能超过128个字符,,
,passphrase_learn_more_title,What is a Passphrase?,P2,,什么是密语钱包？,,
,passphrase_learn_more_desc1,A passphrase offers an extra level of security to your current seed phrase.,P2,,密语钱包为您的设备提供了额外的安全保障；,,
,passphrase_learn_more_desc2,Each unique passphrase generates a different wallet.,P2,,"每个唯一的密码子都会产生不同的钱包。
密语不同，则生成的密语钱包不同；",,
,passphrase_learn_more_desc3,"To recover your wallet, both the passphrase and seed phrase are required.",P2,,想要进入同一密语钱包，请确保您的助记词和密语都是正确的。,,
,passphrase_learn_more_desc4,Forgetting the passphrase can result in the loss of access to your digital assets.,P2,,如果您将资产存储在密语钱包内，忘记密语会让您无法找回资产。,,
,passphrase_learn_more_link,Learn More,P2,,了解更多,,
,passphrase_learn_more_qr_title,What is a Passphrase?,P2,,什么是密语钱包？,,
,passphrase_learn_more_qr_link,https://keyst.one/t/3rd/passphrase,P2,,https://keyst.one/t/3rd/passphrase,,
,passphrase_add_password,Now we need you to enter your passcode to setup passphrase wallet.,,,现在，请输入设备密码来设置密语钱包。,,


,seed_check_mid_btn,Seed Phrase Check,P2,,助记词检查,,
,seed_check_single_phrase,Standard Seed Phrase,P2,,标准助记词,,
,seed_check_share_phrase,Shamir Backup,P2,,分片助记词,,
,seed_check_single_phrase_title,Enter Your Seed,P2,,输入助记词,,
,seed_check_share_phrase_title,Enter your seed phrase to verify if it matches your current wallet.,P2,,输入您的助记词以验证它是否与当前钱包匹配。,,
,seed_check_wait_verify,Verifying,P2,,验证中......,,
,seed_check_verify_match_title,Verification Successful,,新补充的,验证成功,,
,seed_check_verify_match_desc,Your seed has been validated and successfully verified.,P2,,助记词验证成功,,
,seed_check_verify_not_match_title,Verification Failed,P2,,验证失败,,
,seed_check_verify_not_match_desc,The seed phrase is incorrect. Please re-verify and try again.,P2,,助记词不正确，请重新尝试。,,
,wallet_settings_add_info_title,Notice,P2,,注意,,
,wallet_setting_stop_add_fingerprint,Cancel This Process?,,,取消此过程？,,
,wallet_setting_stop_add_fingerprint_desc,"Fingerprint Not Saved. Upon cancellation, you will be required to re-enter your fingerprint.",,,指纹未保存。取消后，您将需要重新输入指纹。,,
,wallet_settings_add_info_desc1,Keystone supports a maximum of #F5870A 3# different wallets.,P2,,Keystone 最多支持管理＃F5870A 3＃个不同的钱包。,,
,wallet_settings_add_info_desc2,You should set a #F5870A different passcode# for each wallet,P2,,您应该为每个钱包设置＃F5870A 不同的密码＃,,
,wallet_settings_add_info_desc3,"To switch wallets, unlock the device with the specific passcode associated with each one. The wallet list will not be displayed for enhanced security.",P2,,请输入正确的密码来解锁对应钱包；出于安全考虑，设备内不会展示已导入的钱包列表。,,
,wallet_settings_delete_button,Delete Wallet,P2,,删除钱包,,
,wallet_settings_delete_confirm_title,Delete Wallet?,P2,,删除钱包？,,
,wallet_settings_delete_confirm_desc,"To safeguard your digital assets, it is advisable to verify the seed phrase before proceeding with its deletion.",P2,,为了保护您的资产安全，建议在删除钱包之前验证您是否已备份该助记词。,,
,wallet_settings_delete_confirm_button1,Seed Phrase Check,P2,,检查助记词,,
,wallet_settings_delete_confirm_button2,Confirm Deletion,P2,,确认删除,,
,wallet_settings_delete_laoding_title,Deleting,P2,,删除中......,,
,wallet_settings_delete_laoding_desc,Deleting all data...,P2,figma,清除所有数据中......,,
System Settings,system_settings_title,System Settings,P2,,系统设置,,
,system_settings_vabiration,Vibration,P2,,振动,,
,system_settings_screen_lock_title,Display & Lock Screen,P2,,显示/锁定屏幕,,
,system_settings_screen_lock_brightness,Brightness,P2,,亮度,,
,system_settings_screen_lock_auto_lock,Auto Lock,P2,,自动锁屏,,
,system_settings_screen_lock_auto_shutdown,Auto Shutdown,P2,,自动关闭,,
,system_settings_screen_lock_auto_lock_title,Timeout Duration,P2,,超时持续时间,,
,system_settings_screen_lock_auto_lock_15secs,15 seconds,P2,,15秒,,
,system_settings_screen_lock_auto_lock_30secs,30 seconds,P2,,30秒,,
,system_settings_screen_lock_auto_lock_1min,1 minute,P2,,1分钟,,
,system_settings_screen_lock_auto_lock_5mins,5 minutes,P2,,5分钟,,
,system_settings_screen_lock_auto_lock_10mins,10 minutes,P2,,10分钟,,
,system_settings_screen_lock_auto_power_off_title,Auto Shutdown,P2,,自动关闭,,
,system_settings_screen_lock_auto_power_off_1h,1 hour,P2,,1小时,,
,system_settings_screen_lock_auto_power_off_6h,6 hours,P2,,6个小时,,
,system_settings_screen_lock_auto_power_off_12h,12 hours,P2,,12小时,,
,system_settings_screen_lock_auto_power_off_1d,1 day,P2,,1天,,
,system_settings_screen_lock_auto_power_off_never,Never,P2,,永不,,
,system_settings_wipe_device_wipe_title,Wipe Device,P2,,擦除设备,,
,system_settings_wipe_device_wipe_desc,"By proceeding, all data on this device, including all your wallets, will be permanently deleted.",P2,,通过程序，将永久删除此设备上的所有数据，包括所有钱包。,,
,system_settings_wipe_device_wipe_button,Wipe Device Now,P2,,立即擦除设备,,
,system_settings_wipe_device_wipe_alert_title,Wipe Device,P2,,擦除设备,,
,system_settings_wipe_device_wipe_start_text,Wipe(5),,,擦除（5）,,
,system_settings_wipe_device_wipe_fmt,Wipe(%d),,,擦除（％D）,,
,system_settings_wipe_device_wipe_end_text,Wipe,,,擦除设备,,
,system_settings_wipe_device_wipe_alert_desc,"Please confirm that continuing will permanently delete all data, including wallets, on this device.",P2,,一旦确认，设备上的所有数据，包括您的钱包信息，都会在设备上被彻底擦除。,,
,system_settings_wipe_device_generating_title,Resetting Device,P2,,重置设备,,
,system_settings_wipe_device_generating_desc1,Deleting all data...,P2,figma,清除所有数据中......,,
,system_settings_wipe_device_generating_desc2,Please do not turn off your device during the wiping process.,P2,,请勿在擦除设备途中关闭设备。,,
,device_settings_connection_title1,Connection,P2,,连接,,
,device_settings_connection_sub_title1,Data transfer with USB,P2,,使用USB传输数据,,
,device_settings_connection_desc1,"When disabled, the usb can only be used for charging battery",P2,,禁用后，USB接口将仅用于充电,,
home,home_more_connect_wallet,Connect Software Wallet,P2,,连接软件钱包,,
,home_select_coin_count_fmt,#F5870A %d#/%d,,,#F5870A %d#/%d,,
,home_upgrade_hint,Please upgrade to the latest version for access to expanded crypto compatibility.,,,请升级到最新版本，以访问更多加密货币。,,
,home_manage_assets,Manage Assets,,,管理资产,,
,home_more_device_setting,Device Settings,P2,,设备设置,,
Receive,receive_btc_alert_title,Attention,P2,,注意,,
,receive_btc_alert_desc,This address is exclusively for BTC transactions only. Sending other types of digital assets to this address will result in their loss.,P2,待定,此地址仅用于BTC交易。将其他类型的数字资产发送到此地址将会导致资产丢失。,,
,receive_btc_alert_button,Got It,P2,,知道了,,
,receive_btc_receive_main_title,Receive BTC,P2,,接收BTC,,
,receive_btc_receive_main_button,Generate New Address,P2,,生成新地址,,
,receive_btc_receive_switch_title,Switch Address,P2,,更换地址,,
,receive_btc_receive_change_address_title,Go to,P2,,前往,,
,receive_btc_receive_change_address_limit,"Can't exceed 999,999,999",P2,,"不能超过999,999,999",,
,receive_btc_more_address_settings,Address Settings,P2,,地址设置,,
,receive_btc_more_export_xpub,Export xPub,,新增,导出XPUB,,
,receive_btc_more_t,Tutorial,P2,,教程,,
,receive_btc_more_t_title1,What are the three different address formats for BTC?,P2,,BTC的三种不同地址格式是什么？,,
,receive_btc_more_t_desc1,"Bitcoin (BTC) uses three address formats for receiving funds:
1. Native SegWit is the most efficient and secure Bitcoin address format. It provides cost savings and improved security compared to other traditional address formats, typically starting with ""bc1""
2. Legacy format is one of the earliest versions of Bitcoin, typically starting with ""1""
3. Nested SegWit is a solution designed to facilitate the transition to Native SegWit in a smooth manner, typically starting with ""3""",P2,,"比特币（BTC）的三种地址格式：
1. Native SegWit 是当前主流的地址类型，交易费较低，地址以“ bc1”开头。
2. Nested SegWit 兼容 “Legacy” 和 “Segwit” 地址类型，交易费中等，地址以“ 3”开头。
3. Legacy 属于最初的比特币地址格式，交易费较高，地址以“ 1”开头。

",,
,receive_btc_more_t_link1,Learn More,P2,,了解更多,,
,receive_btc_more_t_qr_title1,What are the three different address formats for BTC?,P2,,比特币的三种不同地址格式是什么？,,
,receive_btc_more_t_qr_link1,https://keyst.one/t/3rd/faq,P2,,https://keyst.one/t/3rd/faq,,
,receive_btc_more_t_title2,Can the three different address formats be used to transfer funds to each other?,P2,,这三种不同的地址格式可以相互接受资产吗？,,
,receive_btc_more_t_desc2,"Yes, the three distinct Bitcoin address formats can be used for transferring funds among each other. However, it’s important to keep in mind the following aspects:
1. Differing transaction fees: The choice of address format can influence transaction fees, with Native SegWit addresses generally having lower fees.
2. Wallet and exchange compatibility: Make sure that the wallet or exchange you are using supports your chosen address format. Some wallets may only be compatible with specific address formats.",P2,,"是的，三种不同的比特币地址格式可用于彼此转移资金。但是，请务必牢记以下方面：
1.交易费不同：选择不同的地址格式会产生不同的交易费。通常 Native Segwit 的交易费较低。
2.钱包或交易所的兼容性：请确保您使用的钱包或交易所支持您选择的地址格式。某些钱包可能仅支持特定地址格式。",,
,receive_btc_more_t_link2,Learn More,P2,,了解更多,,
,receive_btc_more_t_qr_title2,Can the three different address formats be used to transfer funds to each other?,P2,,这三种不同的地址格式可以相互接受资产吗？,,
,receive_btc_more_t_qr_link2,https://keyst.one/t/3rd/faq,P2,,https://keyst.one/t/3rd/faq,,
,receive_btc_more_t_title3,Benefits of not reusing addresses,P2,,不重复使用同一地址的好处,,
,receive_btc_more_t_desc3,"1. Privacy: Reusing addresses increases transaction traceability, endangering privacy. New addresses help maintain transaction privacy.
2. Transaction Efficiency: Multiple UTXOs linked to one address can raise costs for consolidation, impacting wallet efficiency.
In short, not reusing addresses safeguards privacy, optimizes transactions, and reduces security risks within the UTXO model.",P2,,"1.隐私：重复使用同一地址增加了交易可追溯性，容易暴露隐私。每笔交易使用新地址有利于保持您的隐私。
2.交易效率：链接到一个地址的多个UTXO会提高整合成本，从而影响转账速度。
简而言之，不重复使用同一地址有利于保障隐私、优化交易速度。",,
,receive_btc_more_t_link3,Learn More,P2,,了解更多,,
,receive_btc_more_t_qr_title3,Benefits of not reusing addresses,P2,,不重复使用同一地址的好处,,
,receive_btc_more_t_qr_link3,https://keyst.one/t/3rd/faq,P2,,https://keyst.one/t/3rd/faq,,
,receive_btc_extended_public_key,Extended Public Key,,,扩展公钥,,
,receive_btc_address_type,Address Type,,,地址类型,,
,receive_eth_alert_title,Attention,P2,,注意,,
,receive_eth_alert_desc,"This address is only for ETH and EVM ERC-20 tokens, other digital assets sent to this address will be lost.",P2,待定,此地址仅适用于 ETH、ERC-20 代币或者 EVM 兼容链上的资产，将其他数字货币发送到该地址将会造成丢失。,,
,receive_eth_alert_button,Got It,P2,,知道了,,
,receive_eth_receive_main_title,Receive ETH,P2,,接收ETH,,
,receive_eth_receive_main_button,Generate New Address,P2,,生成新地址,,
,receive_eth_more_derivation_path,Change Derivation Path,P2,,改变派生路径,,
,receive_eth_more_derivation_path_title,Change Derivation Path,P2,,改变派生路径,,
,receive_eth_more_derivation_path_desc,Select the derivation path you’d like to use for Ethereum,P2,,选择要用于以太坊的推导路径,,
,receive_eth_more_derivation_path_bip,BIP44 Standard,P2,,BIP44标准,,
,receive_eth_more_derivation_path_desc,Recommend. Most commonly used in many software wallets.,P2,,推荐。常用于许多软件钱包中。,,
,receive_eth_more_derivation_path_title2,Accounts eg:,P2,,例如：,,
,receive_eth_more_derivation_path_ledger_live,Ledger Live,P2,,Ledger Live,,
,receive_eth_more_derivation_path_desc2,Select this path for Ledger Live asset management.,,,如需管理Ledger Live下的资产，则选择该路径。,,
,receive_eth_more_derivation_path_ledger_legacy,Ledger Legacy,P2,,Ledger Legacy,,
,receive_eth_more_derivation_path_desc3,Select this path for Ledger Legacy asset management.,,,如需管理 Ledger Legacy 下的资产，则选择该路径。,,
,receive_eth_more_t,Tutorial,P2,,教程,,
,receive_eth_more_t_title1,"Exploring Differences: Standard, Ledger Live, and Legacy Derivation Paths in Ethereum",,待定；新增,了解以太坊中的标准路径、Ledger Live和Ledger Legacy的派生路径,,
,receive_eth_more_t_desc1,"1. Standard Path: This path is widely employed by numerous software wallets for address generation. Examples of such wallets encompass MetaMask, Rabby, BitKeep, and Core Wallet.
2. Ledger Live: Choose this path if you intend to import a seed phrase from Ledger Live. Please note that Keystone supports synchronizing only the initial 10 addresses using this format.
3. Ledger Legacy: Transition to this path if you manage your digital assets with Ledger Legacy",P2,,"1.标准路径：此路径被许多软件钱包广泛用于地址生成，比如 Metamask，Rabby，Bitkeep和Core Wallet。
2. Ledger Live：如果您曾在Ledger Live下管理您的资产，请选择此派生路径。请注意，Keystone 仅支持此路径下的前10个地址。
3. Ledger Legacy：如果您曾在Ledger Legacy下管理您的资产，请选择此派生路径。",,
,receive_eth_more_t_link1,Learn More,P2,,了解更多,,
,receive_eth_more_t_qr_title1,"Exploring Differences: Standard, Ledger Live, and Legacy Derivation Paths in Ethereum",P2,待定,了解以太坊中的标准路径、Ledger Live和Ledger Legacy的派生路径,,
,receive_eth_more_t_qr_link1,https://keyst.one/t/3rd/faq,,,https://keyst.one/t/3rd/faq,,
,receive_coin_fmt,Receive %s,,,收到 %s,,
,receive_trx_hint,"This address is only for TRX, TRC-20 tokens and TRC-10 tokens, other digital assets sent to this address will be lost.",,待定,此地址仅适用于TRX，TRC-20和TRC-10代币，将其他数字货币发送到该地址将会造成丢失。,,
,receive_ada_base_address,Address,,,地址,,
,receive_ada_enterprise_address,Address (Not Delegated),,,地址（未委派）,,
,receive_ada_stake_address,Reward Address,,,奖励地址,,
,receive_ada_address_detail_path,Path,,,路径,,
,receive_ada_show_address_detail,Show Address Detail,,,显示地址细节,,
,receive_coin_hint_fmt,"This address is only for %s, other digital assets sent to this address will be lost.",,,此地址仅适用于％s，将其他数字货币发送到该地址将会造成丢失。,,
,receive_generate_new_address,Generate New Address,,,生成新地址,,
,receive_sol_more_t,Tutorial,,,教程,,
,receive_sol_more_t_title1,Exploring Solana Path Options,,,了解 Solana 的各派生路径,,
,receive_sol_more_t_desc1,"1. Account-based Path: Widely adopted across numerous Solana wallets. An example of such a wallet is Solflare.
2. Single Account Path: Choose this path if you intend to import a seed phrase from Sollet / MathWallet. Please note that Keystone supports synchronizing only the initial 10 addresses using this format.
3. Sub-account Path: Transition to this path if you manage your digital assets with software wallets like Phantom / Exodus.",,,"1. Account-based 路径：被许多 Solana 钱包采用，比如 Solflare。
2. Single Account 路径：如果您将 Sollet 或者 MathWallet钱包的助记词导入到 Keystone，则选择此路径。请注意，Keystone 仅支持此路径下的前10个地址。
3. Sub-account 路径：如果您将 Phantom 或者 Exodus 钱包的助记词导入到 Keystone，则选择此路径。",,
,receive_sol_more_t_link1,Learn More,,,了解更多,,
,receive_sol_more_t_qr_title1,Exploring Solana Path Options,,,探索索拉纳路径选项,,
,receive_sol_more_t_qr_link1,https://keyst.one/t/3rd/faq,,,https://keyst.one/t/3rd/faq,,
,receive_ada_more_t,Tutorial,,,教程,,
,receive_ada_more_t_title1,Multiple Cardano Accounts on Keystone,,,Keystone上的多个Cardano帐户,,
,receive_ada_more_t_desc1,"On the Cardano blockchain, we provide 24 accounts, and each account can generate numerous addresses for your use. You can easily switch between the accounts you need.
",,,"在Cardano区块链上，我们提供了24个ADA帐户，每个帐户都可以生成无数新地址。您可以在所需帐户之间轻松切换。
",,
,receive_ada_more_t_title2,Key Concepts in Cardano's ADA Addresses,,,Cardano 地址中的关键概念,,
,receive_ada_more_t_desc2,"1. Payment & Stake Keys: In Cardano, every account has a Payment Key for regular ADA transactions (sending and receiving) and a Stake Key for staking and receiving rewards.
2. Base Address: A Base Address is derived from both the Payment Key and Stake Key. It can be used for both regular transactions and staking. Also known as ""External Addresses (Delegated).""
3. Enterprise Address: This address only contains the Payment Key and is used solely for regular transactions, not for staking. It's designed for ""business"" scenarios that don't involve staking, like exchanges. Also known as ""External Addresses (Not Delegated).""
4. Stake & Reward Addresses: The Stake Key is used for staking, and the associated Stake Address is also called a Reward Address, used to receive staking rewards.",,,"1. Payment & Stake Keys：在Cardano中，每个帐户都有一个发送或接收常规ADA交易的付款密钥（Payment Key），以及用于积分和获得奖励的质押密钥（Stake Key）。
2. Base Address：基本地址（Base Address）是由付款密钥和股份密钥派生而来。它可以用于常规交易和质押，也被称为“外部地址（External Addresses）”。
3. Enterprise Address：此地址仅包含付款密钥，仅用于常规交易，而不是用于质押。它是为不涉及既有既定的“业务”场景而设计的，例如交流。也称为“外部地址（未授权）”。
4. Stake & Reward Addresses：质押密钥（Stake Key）用于质押；与之相关的质押地址（Stake Addresses）也被称为奖励地址（Reward Addresses），用于接收质押奖励。",,
,receive_ada_more_t_link2,Learn More,,,了解更多,,
,receive_ada_more_t_qr_title2,Key Concepts in Cardano's ADA Addresses,,,Cardano 地址中的关键概念,,
,receive_ada_more_t_qr_link2,https://keyst.one/t/3rd/faq,,,https://keyst.one/t/3rd/faq,,
,receive_near_more_t_title1,,,,,,
,receive_near_more_t_desc1,,,,,,
,receive_near_more_t_link1,,,,,,
,receive_near_more_t_qr_title1,,,,,,
,receive_near_more_t_qr_link1,,,,,,
Connect,connect_bw_t,Tutorial,P2,,教程,,
,connect_bw_desc,Visit the link below on your computer or mobile device for a guide on syncing Keystone with your software wallet.,P2,,请使用电脑或者手机访问下方的链接，以获取有关Keystone如何连接软件钱包的教程。,,
,connect_bw_title,BlueWallet (Mobile),P2,,BlueWallet（移动端）,,
,connect_bw_link,https://keyst.one/t/3rd/bw,P2,,https://keyst.one/t/3rd/bw,,
,connect_bw_qr_title,BlueWallet (Mobile),P2,,BlueWallet（移动端）,,
,connect_bw_qr_link,https://keyst.one/t/3rd/bw,P2,,https://keyst.one/t/3rd/bw,,
,connect_sparrow_t,Tutorial,,,教程,,
,connect_sparrow_desc,Visit the link below on your computer or mobile device for a guide on syncing Keystone with your software wallet.,,,请使用电脑或者手机访问下方的链接，以获取有关Keystone如何连接软件钱包的教程。,,
,connect_sparrow_title,Sparrow,,,Sparrow,,
,connect_sparrow_link,https://keyst.one/t/3rd/sparrow,,,https://keyst.one/t/3rd/sparrow,,
,connect_sparrow_qr_title,Sparrow,,,Sparrow,,
,connect_sparrow_qr_link,https://keyst.one/t/3rd/sparrow,,,https://keyst.one/t/3rd/sparrow,,
,connect_mm_t,Tutorial,P2,,教程,,
,connect_mm_desc,Visit the link below on your computer or mobile device for a guide on syncing Keystone with your software wallet.,P2,,请使用电脑或者手机访问下方的链接，以获取有关Keystone如何连接软件钱包的教程。,,
,connect_mm_title,MetaMask (Extension),P2,,MetaMask（扩展）,,
,connect_mm_link,https://keyst.one/t/3rd/mm,P2,,https://keyst.one/t/3rd/mm,,
,connect_mm_title2,MetaMask (Mobile),P2,,MetaMask（移动端）,,
,connect_mm_link2,https://keyst.one/t/3rd/mmm,P2,,https://keyst.one/t/3rd/mmm,,
,connect_mm_qr_title,MetaMask (Extension),P2,,MetaMask（扩展）,,
,connect_mm_qr_link,https://keyst.one/t/3rd/mm,P2,,https://keyst.one/t/3rd/mm,,
,connect_mm_qr_title2,MetaMask (Mobile),P2,,MetaMask（移动端）,,
,connect_mm_qr_link2,https://keyst.one/t/3rd/mmm,P2,,https://keyst.one/t/3rd/mmm,,
,connect_okx_t,Tutorial,P2,,教程,,
,connect_okx_desc,Visit the link below on your computer or mobile device for a guide on syncing Keystone with your software wallet.,P2,,请使用电脑或者手机访问下方的链接，以获取有关Keystone如何连接软件钱包的教程。,,
,connect_okx_title,OKX Wallet (Extension),P2,,OKX Wallet（扩展）,,
,connect_okx_link,https://keyst.one/t/3rd/okx,P2,,https://keyst.one/t/3rd/okx,,
,connect_okx_title2,OKX Wallet (Mobile),P2,,OKX Wallet（移动端）,,
,connect_okx_link2,https://keyst.one/t/3rd/okxm,P2,,https://keyst.one/t/3rd/okxm,,
,connect_okx_qr_title,OKX Wallet (Extension),P2,,OKX Wallet（扩展）,,
,connect_okx_qr_link,https://keyst.one/t/3rd/okx,P2,,https://keyst.one/t/3rd/okx,,
,connect_okx_qr_title2,OKX Wallet (Mobile),P2,,OKX Wallet（移动端）,,
,connect_okx_qr_link2,https://keyst.one/t/3rd/okxm,P2,,https://keyst.one/t/3rd/okxm,,
,connect_imtoken_t,Tutorial,,,教程,,
,connect_imtoken_desc,Visit the link below on your computer or mobile device for a guide on syncing Keystone with your software wallet.,,,请使用电脑或者手机访问下方的链接，以获取有关Keystone如何连接软件钱包的教程。,,
,connect_imtoken_title,imToken (Mobile),,,imToken（移动端）,,
,connect_imtoken_link,https://keyst.one/t/3rd/imtoken,,,https://keyst.one/t/3rd/imtoken,,
,connect_imtoken_qr_title,imToken (Mobile),,,imToken（移动端）,,
,connect_imtoken_qr_link,https://keyst.one/t/3rd/imtoken,,,https://keyst.one/t/3rd/imtoken,,
,connect_keyst_app_t,Tutorial,P2,,教程,,
,connect_keyst_app_desc,Visit the link below on your computer or mobile device for a guide on syncing Keystone with your software wallet.,P2,,请使用电脑或者手机访问下方的链接，以获取有关Keystone如何连接软件钱包的教程。,,
,connect_keyst_app_title,Keystone Companion App,P2,,Keystone Companion App,,
,connect_keyst_app_link,https://keyst.one/t/3rd/keystone,P2,,https://keyst.one/t/3rd/keystone,,
,connect_keyst_app_qr_title,Keystone Companion App,P2,,Keystone Companion App,,
,connect_keyst_app_qr_link,https://keyst.one/t/3rd/keystone,P2,,https://keyst.one/t/3rd/keystone,,
,connect_eternl_desc,Visit the link below on your computer or mobile device for a guide on syncing Keystone with your software wallet.,,,请使用电脑或者手机访问下方的链接，以获取有关Keystone如何连接软件钱包的教程。,,
,connect_eternl_title,Eternl (Web),,,Eternl（网页端）,,
,connect_eternl_link,https://keyst.one/t/3rd/eternl,,,https://keyst.one/t/3rd/eternl,,
,connect_eternl_qr_title,Eternl (Web),,,Eternl（网页端）,,
,connect_eternl_qr_link,https://keyst.one/t/3rd/eternl,,,https://keyst.one/t/3rd/eternl,,
,connect_rabby_t,Tutorial,P2,,教程,,
,connect_rabby_desc,Visit the link below on your computer or mobile device for a guide on syncing Keystone with your software wallet.,P2,,请使用电脑或者手机访问下方的链接，以获取有关Keystone如何连接软件钱包的教程。,,
,connect_rabby_title,Rabby (Extension),P2,,Rabby（扩展）,,
,connect_rabby_link,https://keyst.one/t/3rd/rabby,P2,,https://keyst.one/t/3rd/rabby,,
,connect_rabby_qr_title,Rabby (Extension),P2,,Rabby（扩展）,,
,connect_rabby_qr_link,https://keyst.one/t/3rd/rabby,P2,,https://keyst.one/t/3rd/rabby,,
,connect_block_t,Tutorial,P2,,教程,,
,connect_block_desc,Visit the link below on your computer or mobile device for a guide on syncing Keystone with your software wallet.,P2,,请使用电脑或者手机访问下方的链接，以获取有关Keystone如何连接软件钱包的教程。,,
,connect_block_title,BlockWallet (Extension),P2,,BlockWallet（扩展）,,
,connect_block_link,https://keyst.one/t/3rd/block,P2,,https://keyst.one/t/3rd/block,,
,connect_block_qr_title,BlockWallet (Extension),P2,,BlockWallet（扩展）,,
,connect_block_qr_link,https://keyst.one/t/3rd/block,P2,,https://keyst.one/t/3rd/block,,
,connect_safe_t,Tutorial,P2,,教程,,
,connect_safe_desc,Visit the link below on your computer or mobile device for a guide on syncing Keystone with your software wallet.,P2,,请访问您的计算机或移动设备上的下面的链接，以获取有关与软件钱包同步Keystone的指南。,,
,connect_safe_title,Safe (Web),P2,,Safe（网页端）,,
,connect_safe_link,https://keyst.one/t/3rd/safe,P2,,https://keyst.one/t/3rd/safe,,
,connect_safe_title2,Safe (Mobile),P2,,Safe（移动端）,,
,connect_safe_link2,https://keyst.one/t/3rd/safem,P2,,https://keyst.one/t/3rd/safem,,
,connect_safe_qr_title,Safe (Web),P2,,Safe（网页端）,,
,connect_safe_qr_link,https://keyst.one/t/3rd/safe,P2,,https://keyst.one/t/3rd/safe,,
,connect_safe_qr_title2,Safe (Mobile),P2,,Safe（移动端）,,
,connect_safe_qr_link2,https://keyst.one/t/3rd/safem,P2,,https://keyst.one/t/3rd/safem,,
,connect_fewcha_t,Tutorial,,,教程,,
,connect_fewcha_desc,Visit the link below on your computer or mobile device for a guide on syncing Keystone with your software wallet.,,,请使用电脑或者手机访问下方的链接，以获取有关Keystone如何连接软件钱包的教程。,,
,connect_fewcha_title,Fewcha (Extension),,figma,Fewcha（扩展）,,
,connect_fewcha_link,https://keyst.one/t/3rd/fewcha,,,https://keyst.one/t/3rd/fewcha,,
,connect_fewcha_qr_title,Fewcha (Extension),,figma,Fewcha（扩展）,,
,connect_fewcha_qr_link,https://keyst.one/t/3rd/fewcha,,,https://keyst.one/t/3rd/fewcha,,
,connect_solflare_t,Tutorial,,,教程,,
,connect_solflare_desc,Visit the link below on your computer or mobile device for a guide on syncing Keystone with your software wallet.,,,请使用电脑或者手机访问下方的链接，以获取有关Keystone如何连接软件钱包的教程。,,
,connect_solflare_title,Solflare,,,Solflare,,
,connect_solflare_link,https://keyst.one/t/3rd/solflare,,,https://keyst.one/t/3rd/solflare,,
,connect_solflare_qr_title,Solflare,,,Solflare,,
,connect_solflare_qr_link,https://keyst.one/t/3rd/solflare,,,https://keyst.one/t/3rd/solflare,,
,connect_zapper_t,Tutorial,P2,,教程,,
,connect_zapper_desc,Visit the link below on your computer or mobile device for a guide on syncing Keystone with your software wallet.,P2,,请使用电脑或者手机访问下方的链接，以获取有关Keystone如何连接软件钱包的教程。,,
,connect_zapper_title,Zapper,P2,,Zapper,,
,connect_zapper_link,https://keyst.one/t/3rd/zapper,P2,,https://keyst.one/t/3rd/zapper,,
,connect_zapper_qr_title,Zapper,P2,,Zapper,,
,connect_zapper_qr_link,https://keyst.one/t/3rd/zapper,P2,,https://keyst.one/t/3rd/zapper,,
,connect_yearn_t,Tutorial,P2,,教程,,
,connect_yearn_desc,Visit the link below on your computer or mobile device for a guide on syncing Keystone with your software wallet.,P2,,请使用电脑或者手机访问下方的链接，以获取有关Keystone如何连接软件钱包的教程。,,
,connect_yearn_title,Yearn,P2,,Yearn,,
,connect_yearn_link,https://keyst.one/t/3rd/yearn,P2,,https://keyst.one/t/3rd/yearn,,
,connect_yearn_qr_title,Yearn,P2,,Yearn,,
,connect_yearn_qr_link,https://keyst.one/t/3rd/yearn,P2,,https://keyst.one/t/3rd/yearn,,
,connect_sushi_t,Tutorial,P2,,教程,,
,connect_sushi_desc,Visit the link below on your computer or mobile device for a guide on syncing Keystone with your software wallet.,P2,,请使用电脑或者手机访问下方的链接，以获取有关Keystone如何连接软件钱包的教程。,,
,connect_sushi_title,SushiSwap,P2,,Sushiswap,,
,connect_sushi_link,https://keyst.one/t/3rd/sushi,P2,,https://keyst.one/t/3rd/sushi,,
,connect_sushi_qr_title,SushiSwap,P2,,Sushiswap,,
,connect_sushi_qr_link,https://keyst.one/t/3rd/sushi,P2,,https://keyst.one/t/3rd/sushi,,
,connect_keplr_t,Tutorial,P2,,教程,,
,connect_keplr_desc,Visit the link below on your computer or mobile device for a guide on syncing Keystone with your software wallet.,P2,,请使用电脑或者手机访问下方的链接，以获取有关Keystone如何连接软件钱包的教程。,,
,connect_keplr_title,Keplr (Extension),P2,,Keplr（扩展）,,
,connect_keplr_link,https://keyst.one/t/3rd/keplr,P2,,https://keyst.one/t/3rd/keplr,,
,connect_keplr_qr_title,Keplr (Extension),,,Keplr（扩展）,,
,connect_keplr_qr_link,https://keyst.one/t/3rd/keplr,,,https://keyst.one/t/3rd/keplr,,
,connect_petra_t,Tutorial,,,教程,,
,connect_petra_desc,Visit the link below on your computer or mobile device for a guide on syncing Keystone with your software wallet.,,,请使用电脑或者手机访问下方的链接，以获取有关Keystone如何连接软件钱包的教程。,,
,connect_petra_title,Petra (Extension),,,Petra（扩展）,,
,connect_petra_link,https://keyst.one/t/3rd/petra,,,https://keyst.one/t/3rd/petra,,
,connect_petra_qr_title,Petra (Extension),,,Petra（扩展）,,
,connect_petra_qr_link,https://keyst.one/t/3rd/petra,,,https://keyst.one/t/3rd/petra,,
,connect_xrp_toolkit_t,Tutorial,,,教程,,
,connect_xrp_toolkit_desc,Visit the link below on your computer or mobile device for a guide on syncing Keystone with your software wallet.,,,请使用电脑或者手机访问下方的链接，以获取有关Keystone如何连接软件钱包的教程。,,
,connect_xrp_toolkit_title,XRP Toolkit (Web),,,XRP Toolkit（网页端）,,
,connect_xrp_toolkit_link,https://keyst.one/t/3rd/xrptoolkit,,,https://keyst.one/t/3rd/xrptoolkit,,
,connect_xrp_toolkit_qr_title,XRP Toolkit (Web),,,XRP Toolkit（网页端）,,
,connect_xrp_toolkit_qr_link,https://keyst.one/t/3rd/xrptoolkit,,,https://keyst.one/t/3rd/xrptoolkit,,
Decoding Transaction,tx_details_general_tab_title1,Overview,P2,,概述,,
,tx_details_general_tab_title2,Details,P2,,细节,,
,tx_details_btc_change_title,Change Address,P2,待定,更换地址,,
,tx_details_btc_change_desc,"BTC transactions, based on the UTXO mechanism, allocate some assets to a change address during transfers. This address is generated by the software wallet for anonymity and privacy purposes. You don't need to worry since the change address belongs to your own account, and its amount will be used automatically in subsequent transactions.",P2,待定,比特币的交易是基于UTXO机制的，在交易时部分资产会被转移至您的找零地址上。该地址是由软件钱包生成的，出于匿名和隐私目的。您无需担心，因为找零地址也属于您本身帐户的一部分，其金额会在随后的交易中自动使用。,,
,tx_details_btc_change_link,Learn More,P2,新增,了解更多,,
,tx_details_btc_change_qr_title,What is a 'Change' address?,,新增,什么是“找零”地址？,,
,tx_details_btc_change_qr_link,https://keyst.one/change,,,https://keyst.one/change,,
,tx_details_eth_decoding_link,Learn More,P2,,了解更多,,
,tx_details_eth_decoding_qr_title,Decoding DeFi Transactions,P2,,解析 DeFi 交易,,
,tx_details_eth_decoding_qr_link,https://keyst.one/t/3rd/ddt,P2,,https://keyst.one/t/3rd/ddt,,
Scan,scan_qr_code_error_invalid_qrcode,Invalid QR Code,P2,,二维码无效,,
,scan_qr_code_error_invalid_qrcode_desc,QR code data not recognized. Please try again.,P2,,二维码无法识别，请重试。,,
,scan_qr_code_invalid_b_title,Unpermitted Authorization,P2,,未经许可的授权,,
,scan_qr_code_invalid_b_desc,The transaction does not belong to the current wallet. Please ensure you are using the correct wallet to authorize the transaction.,P2,,该交易与当前钱包无关。请确保您正在使用正确的钱包来授权交易。,,
,scan_qr_code_invalid_c_title,Unsupported Path,P2,,未支持路径,,
,scan_qr_code_invalid_c_desc,Keystone cannot facilitate transaction signing for the current address path. Please try again using a different address path.,P2,,Keystone无法为当前地址路径的交易签名。请使用其他地址路径后重试。,,
,scan_qr_code_sign_unsigned_content_frame,Swipe to confirm,P2,,滑动以确认,,
,scan_qr_code_sign_fingerprint_verify_fingerprint,Verify Fingerprint,P2,,指纹验证,,
,scan_qr_code_sign_fingerprint_verify_fingerprint_failed,Verify Failed. Please try Again!,,,验证失败。请重新尝试！,,
,scan_qr_code_sign_fingerprint_enter_passcode,Enter Passcode,P2,,输入密码,,
,scan_qr_code_signing_desc,Signing,P2,,签名中,,
,scan_qr_code_sign_unsigned_content_fingerprint_failed_desc,Verification failed. Please try again!,P2,,验证失败。请重新尝试！,,
,scan_qr_code_sign_unsigned_content_fingerprint_failed_desc2,"If the verification fails again, the fingerprint signing for transactions will automatically be disabled.",P2,,如果验证再次失败，则指纹签名的功能将自动失效。,,
USB,usb_transport_connection_request,Connection Request,,,连接请求,,
,usb_transport_connection_reject,Reject,,,拒绝,,
,usb_transport_connection_approve,Approve,,,允许,,
,usb_transport_connect_rabby,Rabby Wallet wants to connect your Keystone via USB,,,Rabby钱包想通过USB连接您的Keystone,,
,usb_transport_connect_wallet,Your software wallet wants to connect to your device via USB,,,您的软件钱包希望通过USB连接到您的设备,,
,usb_transport_sign_completed_title,Signature Completed,,,签名完成,,
,usb_transport_sign_completed_subtitle,View transaction details at your software wallet,,,在您的软件钱包中查看交易详细信息,,
,usb_transport_sign_completed_btn,Done,,,完毕,,
,usb_transport_mismatched_wallet_title,Mismatched Wallet,,,钱包不匹配,,
,usb_transport_sign_unkown_error_title,Unknown Error,,,未知错误,,
,usb_transport_sign_unkown_error_message,Unable to recognize data information,,,无法识别数据信息,,
,usb_transport_sign_failed_title,Signature Failed,,,签名失败,,
,usb_transport_sign_failed_btn,OK,,,好的,,
Unlock Device,unlock_device_fingerprint_pin_title,Use PIN or Fingerprint,P2,,使用 PIN码 或指纹,,
,unlock_device_use_pin,Use PIN,,,使用 PIN码,,
,unlock_device_use_password,Use Password,,,使用密码,,
,unlock_device_use_fingerprint,Use Fingerprint,,,使用指纹,,
,unlock_device_title_fmt,%s or %s,,,%s or %s,,
,unlock_device_button1,PASSWORD,P2,,密码,,
,unlock_device_button2,PIN CODE,P2,,PIN码,,
,unlock_device_button3,FORGET,P2,,忘记,,
,unlock_device_fingerprint_pin_error1_title,Try Again,P2,,重试,,
,unlock_device_fingerprint_pin_error1_desc,Couldn’t verify fingerprint,P2,,无法验证指纹,,
,unlock_device_fingerprint_pin_error_max_title,Enter PIN,P2,,输入PIN码,,
,unlock_device_fingerprint_pin_error_max_desc,Too many unsuccessful attempts. Please enter your passcode,P2,？,验证失败次数过多，请输入您的密码,,
,unlock_device_fingerprint_pin_error2_title,Use PIN or Fingerprint,P2,,使用 PIN码 或指纹,,
,unlock_device_error_attempts_exceed,Attempt Limit Exceeded,,,超出尝试次数,,
,unlock_device_error_attempts_exceed_desc,Device lock imminent. Please unlock to access the device.,,待定,设备锁即将锁定，请解锁以访问设备。,,
,unlock_device_error_btn_start_text,Unlock Device (5s),,,解锁设备（5s）,,
,unlock_device_error_btn_text_fmt,Unlock Device (%ds),,,解锁设备（％ds）,,
,unlock_device_error_btn_end_text,Unlock Device,,,解锁设备,,
,unlock_device_attempts_left_singular_times_fmt,"Incorrect password, %d attempt left",P2,,密码不正确，剩下 ％d 次尝试,,
,unlock_device_attempts_left_plural_times_fmt,"Incorrect password, %d attempts left",,,密码不正确，剩下 ％d 的尝试,,
,unlock_device_fingerprint_pin_device_locked_title,Device Locked,P2,,设备锁定,,
,unlock_device_fingerprint_pin_device_locked_desc,"You must wipe you device to continue. Once wiped, all data stored on this device will be erased.",P2,待定,您必须擦除设备继续。擦除后，将删除所有存储在此设备上的数据。,,
,unlock_device_fingerprint_pin_device_locked_btn_start_text,Wipe Device Now (15),,,立即擦除设备（15）,,
,unlock_device_fingerprint_pin_device_locked_btn_fmt,Wipe Device Now (%d),,,立即擦除设备（％D）,,
,unlock_device_fingerprint_pin_device_locked_btn,Wipe Device Now,P2,,立即擦除设备,,
,unlock_device_time_limited_error_max_title,Device Unavailable,P2,,设备不可用,,
,unlock_device_time_limited_error_max_desc_fmt,Please unlock your device in #F55831 %d# minutes,,,请在 #F55831 %d# 分钟后解锁您的设备,,
,unlock_device_time_limited_error_max_warning_fmt,"Please unlock your device in #F55831 %d# minutes. One more incorrect attempt, your device will be locked.",,,请在 #F55831 %d# 分钟后解锁您的设备。如果再次解锁失败，您的设备将被锁定。,,
,unlock_device_time_limited_error_max_desc,Please unlock your device in #F55831 1# minute,P2,,请在 #F55831 1#  分钟后解锁您的设备,,
,forgot_password_reset_passcode_intro_title,Forgot passcode?,P2,,忘记密码？,,
,forgot_password_reset_passcode_intro_desc,Verify the seed phrase associated with this wallet to reset the passcode.,P2,,验证与此钱包相关的助记词以重置密码。,,
,forget_password_cancel,Cancel Password Reset?,,figma,取消密码重置？,,
,forgot_password_reset_passcode_intro_button,Reset Passcode,P2,,重置密码,,
Error,error_box_invalid_seed_phrase,Invalid Seed Phrase,,,助记词无效,,
,error_box_invalid_seed_phrase_desc,The seed phrase you've entered is invalid. Please re-verify your backup and try again.,,,您输入的助记词无效。请检查您所备份的助记词，重新尝试。,,
,error_box_duplicated_seed_phrase,Duplicate Seed Phrase,,,重复的助记词,,
,error_box_duplicated_seed_phrase_desc,"This phrase you typed is already used in a wallet account, please import another set of seed phrase.",,figma,该助记词已存在于设备上，请导入另一组助记词。,,
,error_box_low_power,Low Battery,,重复？,低电量,,
,error_box_low_power_desc,The device needs a minimum of 20% battery life to continue the process.,,重复？,请确保您的设备电量高于20%。,,
,error_box_mnemonic_not_match_wallet,Seed Phrase Mismatch,,,助记词不匹配,,
,error_box_mnemonic_not_match_wallet_desc,The seed phrase is incorrect. Please re-verify and try again.,,,助记词不正确，请重新尝试。,,
,error_box_firmware_not_detected,Firmware Not Detected,,,未检测到固件,,
,error_unknown_error,Unknown Error,,,未知错误,,
,error_unknown_error_desc,"The device has encountered an unknown issue and is currently unavailable. To resolve this, please wipe and restart the device. If the problem persists, please contact our support team.",figma,,该设备遇到了一个未知的问题，目前不可用。要解决此问题，请擦除并重新启动设备。如果问题仍然存在，请联系我们的支持团队。,,
,error_box_firmware_not_detected_desc,Please ensure that your MicroSD card is formatted in FAT32 and contains the firmware 'keystone3.bin'.,,,请确保您的 microSD卡已被格式化为FAT32格式，并包含固件包“keystone3.bin”。,,
Common,OK,OK,,,好的,,
,Cancel,Cancel,,,取消,,
,Export,Export,,,导出,,
,Tutorial,Tutorial,,,教程,,
,shamir_backup,Shamir Backup,,,分片助记词,,
,FORGET,FORGET,,,忘记,,
,pin_code,PIN CODE,,,PIN码,,
,switch_account,Switch Account,,,更换账户,,
,switch_address,Switch Address,,,更换地址,,
,Attention,Attention,,,注意,,
,got_it,Got It,,,知道了,,
,got_it_start,Got It (5),Понятно (5),알겠어요 (5),
,got_it_fmt,Got It (%d),Понятно (%d),알겠어요 (%d),
,Updating,Updating,,,更新中,,
,not_now,Not Now,,,不是现在,,
,Update,Update,,,更新,,
,Skip,Skip,,,跳过,,
,Done,Done,,,完毕,,
,wipe_device,Wipe Device,,,擦除设备,,
,Restart,Restart,,,重新开始,,
,Restart_now,Restart now,Перезагрузите сейчас же.,,
,power_off,Power Off,,,关机,,
,try_again,Try Again,,,重试,,
,Keystone,Keystone,,,Keystone,,
,Approve,Approve,,,允许,,
,Failed,Failed,,,失败,,
,Success,Success,,,成功,,
,Pending,Pending,,,待办的,？,
,Continue,Continue,,,继续,,
,support_link,support@keyst.one,,,support@keyst.one,,
,public_key,Public Key,,,公钥,,
,learn_more,Learn More,,,了解更多,,
,path,Path,,,路径,,
About Info,about_info_firmware_version,Firmware Version,,,固件版本,,
,about_info_serial_number,Serial Number,,,序列号,,
,about_info_export_log,Export System Log,,,导出系统日志,,
,about_info_device_uid,Device UID,,,设备UID,,
,about_info_fingerprint_firmware_version,Fingerprint Firmware Version,,,指纹固件版本,,
,about_info_battery_voltage,Battery Voltage,,,电池电压,,
,about_info_result_export_successful,Export Successful,,,导出成功,,
,about_info_result_export_successful_desc,Your system log has been successfully exported to the MicroSD Card.,,,您的系统日志已成功导出到microSD卡。,,
,about_info_result_export_failed,Export Failed,,,导出失败,,
,about_info_result_export_failed_desc_no_sdcard,Please ensure you've inserted a MicroSD Card formatted in FAT32.,,,请确保您插入了FAT32格式的microSD卡。,,
,about_info_result_export_failed_desc_no_space,Please make sure your MicroSD card has enough memory.,,,请确保您的microSD卡具有足够的内存。,,
,about_info_export_to_sdcard,Export Log to MicroSD Card,,,将日志导出到microSD卡,,
,about_info_verify_firmware_title,Verify Firmware,,,验证固件,,
,about_info_verify_firmware_desc,This is an advanced feature for developers to verify that the firmware running on your Keystone device is consistent with the one we open-sourced.,,,这是一个高级功能，用于开发人员验证在Keystone设备上运行的固件是否与我们开源的固件相一致。,,
,about_info_verify_firmware_step1,Go to Keystone's open-sourced GitHub repo and follow the instructions to build your firmware and get the checksum.,,,进入Keystone的开源GitHub页面，并按照说明进行构建固件并计算对应校验和。,,
,about_info_verify_firmware_step2,Click the #F5870A Checksum# button next to the firmware download.,,,点击固件页面中，“固件下载”按钮旁的 #F5870A Checksum#。,,
,about_info_verify_firmware_step3,Tap the #F5870A Show Checksum# button below and compare the string with the one you got in the second step.,,,点击下面的 #F5870A Show Checksum# 按钮，然后将第二步的校验和与之进行对比。,,
,about_info_verify_source_code_title,Verify Source Code,,,验证源代码,,
,about_info_verify_checksum_title,Checksum,,,校验和,,
,about_info_verify_checksum_desc,"If the above information matches the checksum in your self-built mh1903.bin, it means that our open-source firmware is consistent with the firmware in your device.",,,如果以上信息与您自行计算的 mh1903.bin 文件的校验和匹配，则意味着我们的开源固件与设备中的固件一致。,,
,firmware_update_verify_firmware_qr_link,"KeystoneHQ/keystone3-firmware/docs/
verify.md",,,"KeystoneHQ/keystone3-firmware/docs/
verify.md ",,
,firmware_update_sd_checksum_desc,#F5870A Show Checksum#,,,#F5870A 展示校验和#,,
,firmware_update_sd_checksum_done,"Checksum:

",,,"校验和

",,
,firmware_update_sd_checksum_fmt_version,#F5870A Show Checksum(v%s)#,,,#F5870A 展示校验和 (v%s)#,,
,firmware_update_sd_checksum_fmt,#F5870A Show Checksum(%d%%)#,,,#F5870A 展示校验和 (v%s)#,,
,firmware_update_sd_checksum_notice,"This is an optional feature to further enhance security. Compare the following checksum with the checksum of your download package on the official website, ensure that they are consistent.",,,这是一个可选的功能，可以进一步提高安全性。将以下校验和在官方网站上的下载软件包的校验和签到，请确保它们保持一致。,,
,firmware_update_verify_firmware_title,Verify Firmware,,,验证固件,,
About Keystone,about_keystone_title,About Keystone,,,关于Keystone,,
,about_keystone_website,WebSite,,,网站,,
,about_keystone_website_url,keyst.one,,,keyst.one,,
,about_keystone_twitter,Twitter,,,推特,,
,about_keystone_twitter_url,twitter.com/KeystoneWallet,,,Twitter.com/KeystoneWallet,,
,about_keystone_discord,Discord,,,不和谐,,
,about_keystone_discord_url,keyst.one/discord,,,keyst.one/discord,,
,about_keystone_telegram,Telegram,,,电报,,
,about_keystone_telegram_url,t.me/keystonewallet,,,T.Me/KeystoneWallet,,
About Terms,about_terms_website_url,https://keyst.one/terms,,,https://keyst.one/terms,,
,about_terms_title,Terms of Use,,,使用条款,,
,about_terms_subtitle,Keystone Terms of Use,,,基石使用条款,,
,about_terms_desc,"To access the full version of the TERMS OF USE, please visit the following link:",,,要访问使用条款的完整版本，请访问以下链接：,,
,about_terms_eligibility,Eligibility,,,合格,,
,about_terms_eligibility_desc,You must be 18 years old or above to access and use our Products or Services.,,,您必须年满18岁才能访问和使用我们的产品或服务。,,
,about_terms_product_and_services,Keystone Product & Services,,,Keystone产品和服务,,
,about_terms_product_and_services_desc,Our hardware wallet securely manages cryptocurrencies.,,,我们的硬件钱包安全地管理加密货币。,,
,about_terms_no_sensitive_information,No Retrieval of Sensitive Information,删除,,不检索敏感信息,,
,about_terms_no_sensitive_information_desc,We do not store your sensitive information like passwords or seed phrases. Keep your credentials safe.,删除,,我们不存储您的敏感信息，例如密码或助记词。保持您的凭据安全。,？,
,about_terms_risks,Risks,,,风险,,
,about_terms_risks_desc,Be aware of the risks associated with cryptocurrencies and technology vulnerabilities.,,,请注意与加密货币和技术漏洞相关的风险。,,
,about_terms_prohibited_conduct,Prohibited Conduct,,,禁止行为,,
,about_terms_prohibited_product_desc,Our Products and Services are protected by intellectual property laws.,,,我们的产品和服务受知识产权法保护。,,
,about_terms_ownership,Ownership & Proprietary Rights,,,所有权和专有权利,,
,about_terms_ownership_desc,You are responsible for your actions while using the Products and Services.,,,在使用产品和服务时，您应对自己的行动负责。,,
,about_terms_indemnity,Indemnity,,,赔款,,
,about_terms_indemnity_desc,You must be 18 years old or above to access and use our Products or Services.,,,您必须年满18岁才能访问和使用我们的产品或服务。,,
,about_terms_discontinuance_service,Discontinuance of Service,,,服务中断,,
,about_terms_discontinuance_service_desc,We may modify or discontinue our services. Remember to back up your seed phrase to access your cryptocurrencies.,,,我们可能会修改或停止我们的服务。请务必备份您的助记词以访问您的加密货币。,,
,about_terms_disclaimers,DISCLAIMERS,,,免责声明,,
,about_terms_disclaimers_desc,The information provided is not financial advice. Seek professional advice before making any decisions.,,,提供的信息不是财务建议。在做出任何决定之前，请寻求专业建议。,,
,about_terms_law,Governing Law and Dispute Resolution,,,管理法律和争议解决,,
,about_terms_law_desc,"The Terms are governed by Hong Kong SAR laws, and any dispute must be filed within one year.",,,该条款受香港法律管辖，任何争议都必须在一年内提出。,,
,about_terms_contact_us,Contact Us,,,联系我们,,
,about_terms_contact_us_desc,"If you have any questions or concerns, please email us at support@keyst.one.",,,如果您有任何疑问或疑虑，请给我们发送电子邮件至support@keyst.one。,,
,about_terms_modification,Modification of these Terms,,,修改这些术语,,
,about_terms_modification_desc,We reserve the right to change these Terms at our discretion.,,,我们保留酌情决定更改这些条款的权利。,,
Device Info,device_info_title,Device Info,,,设备信息,,
USB connect,usb_connection_title,Connection,,,连接,,
,usb_connection_subtitle,Data transfer with USB,,,使用USB数据传输,,
,usb_connection_desc,"When disabled, the usb can only be used for charging battery",,,禁用后，USB接口将仅用于充电,,
password,password_error_too_short,Password must be at least 6 characters,,,密码必须至少6个字符,,
,password_error_not_match,Passcode mismatch,,,密码不匹配,,
,password_error_cannot_verify_fingerprint,Couldn’t verify fingerprint,？,,无法验证指纹,,
,password_label,PASSWORD,,,密码,,
,pin_label,PIN,,,PIN码,,
,password_input_desc,Enter your password,,,输入您的密码,,
,password_error_duplicated_pincode,Duplicate PIN code detected. Please use a different one.,,,检测到重复的PIN码。请设置新PIN码。,,
,password_error_too_weak,Set a strong password,,,设置强密码,,
,password_error_too_long,The input cannot exceed 128 characters,,,输入不能超过128个字符,,
,password_error_fingerprint_attempts_exceed,Too many attempts. Please enter your passcode to unlock the device.,,,尝试次数过多。请输入您的密码以解锁设备。,,
transaction parse,transaction_parse_confirm_message,Confirm Message,,,确认消息,,
,transaction_parse_scan_by_software,Scan the QR code with your software wallet,,,用您的软件钱包扫描二维码,,
,transaction_parse_broadcast_message,Broadcast Message,,,广播消息,,
self destruction,self_destruction_title,Device No Longer Usable,,,设备不再可用,,
,self_destruction_desc,"A physical attack has been detected, leading to the complete erasure of all data stored on this device. As a result, this device is now inoperable.",figma,,已经检测到了物理攻击，因此设备上存储的所有数据已被清除。当前的设备现在无法使用。,,
,self_destruction_hint,Contact us,figma,,联系我们,,
modal ,generating_qr_codes,Generating QR Codes,,,生成二维码,,
,show_checksum,Show checksum,показать контрольную сумму,,
,sign_transaction,Signing,,,签名,,
,sign_transaction_desc,Please Wait...,,,请稍等...,,
,enter_passcode,Please Enter Passcode,,,请输入密码,,
loading,prepare_wallet_hint,Preparing Wallet,,,准备钱包,,
,prepare_wallet_first_step,New chains support detected,,,检测到的新区块链支持,,
,prepare_wallet_second_step,Setting up for coins...,,,设置硬币...,,
,prepare_wallet_third_step,Generating extended public key...,,,生成扩展的公钥...,,
Change Entropy,change_entropy,Change Entropy,,,更改熵,,
,change_entropy_desc,Select the Entropy you’d like to use for creating wallets,,,选择要创建钱包的熵,,
,change_entropy_system,System,,,系统,,
,change_entropy_system_subtitle,Use Keystone SEs’ entropy,,,使用Keystone 安全芯片的熵,,
,change_entropy_dice_rolls,Dice Rolls,,,骰子数,,
,change_entropy_dice_rolls_subtitle,Use Dice Rolls as entropy,,,骰子掷出来的数作为熵,,
,change_entropy_system_desc,Create your seed phrase from the keystone SEs’ true random number generator.,,,从Keystone 安全芯片的真实随机数发生器创建助记词。,,
,change_entropy_dice_desc,Create your seed Phrase with random numbers generated by rolling dice.,,,用骰子生成的随机数创建助记词。,,
,change_entropy_dice_detail_desc_1,"You need to roll at least #F5870A 50 times# to generate a seed phrase, and it is recommended roll more than #F5870A 99 times# for sufficient randomness.",,,您需要至少掷 #F5870A 50 次# 骰子来生成一组助记词。建议掷#F5870A 99 次#以上，以获得足够的随机性。,,
,change_entropy_dice_detail_desc_2,We recommended you use casino dice to increase the entropy of each dice throw.,,,建议使用赌场级别的骰子以确保随机性。,,
,tutorial_change_entropy_title1,What is entropy?,,,什么是熵？,,
,tutorial_change_entropy_desc1,"Entropy is a measure of randomness. In cryptography, it ensures that things like passwords or keys are unpredictable, making them more secure.",,,熵是随机性的量度。在密码学中，它可以确保密码或钥匙之类的东西不可预测，从而使其更加安全。,,
,tutorial_change_entropy_title2,Why use Dice Rolls as your entropy?,,,为什么要使用骰子数作为您的熵？,,
,tutorial_change_entropy_desc2,"Computers aren't great at being truly random. Dice rolls provide a physical, unpredictable source of randomness. By using them, you enhance the security of cryptographic processes, making it harder for someone to predict or crack your codes.",,,计算机并不是真正随机的。骰子数是不可预测的随机性来源。通过使用它们，您可以增强加密过程的安全性，从而使某人更难预测或破解您的代码。,,
,tutorial_change_entropy_qr_title1,Why use Dice Rolls as your entropy?,,,为什么要使用骰子数作为您的熵？,,
,tutorial_change_entropy_qr_link1,https://keyst.one/,,,https://keyst.one/,,
,dice_roll_cancel_title,Cancel Dice Rolls Generation?,,,取消骰子掷骰？,,
,dice_roll_cancel_desc,"If you cancel, any numbers you entered will be lost.",,,如果取消，输入的任何数字将丢失。,,
,dice_roll_hint_label,At least 50 times,,,至少50次,,
,dice_rolls_entropy_hint,Dice rolls as entropy,,,骰子作为熵,,
,dice_roll_max_limit_label,You've reached the max limits,,,您达到了最大限制,,
,dice_roll_error_label,Lack of randomness,,,缺乏随机性,,