,font,ID,en,ru,ko,cn,es,de,ja,
Language,36,language_title,Language,Язык,언어,语言,Idioma,Sprache,言語
,24,language_little_title,Language,Язык,언어,语言,Idioma,Sprache,言語
,20,language_desc,Select your language,Выберите язык,언어 선택,选择你的语言,Selecciona tu idioma,Wählen Sie Ihre Sprache,言語を選択してください.
,24,language_option,English,Русский язык,한국어,简体中文,Español,Deutsch,日本語
Verify Your Device,36,verify_title,Verify Your Device,Проверка устройства,장치 확인,设备验证,Verifica tu dispositivo,Überprüfen Sie Ihr Gerät,デバイスを確認してください.
,24,verify_title_text,Verify Your Device,Проверка устройства,장치 확인,设备验证,Verifica tu dispositivo,Überprüfen Sie Ihr Gerät,デバイスを確認してください.
,20,verify_desc,This process ensures the integrity of your Forgebox device and firmware.,Этот процесс подтвердит подлинность устройства Forgebox и его прошивки.,장치 확인 기능을 통해 장치가 변조되었는지 확인할 수 있으며 펌웨어의 무결성을 확인하는 데 사용할 수도 있습니다.,"通过设备验证功能,可以校验您的设备是否被篡改过;也可以用来校验固件的完整性.",Este proceso asegura la integridad de tu dispositivo Forgebox y el firmware,Dieser Prozess gewährleistet die Integrität Ihres Forgebox-Geräts und der Firmware.,このプロセスは、Forgeboxデバイスとファームウェアの信頼性を保証します.
,20,verify_cont1,Visit our website and click #F5870A Start Verification# button.,Посетите наш веб-сайт и нажмите на кнопку #F5870A Начать проверку#.,저희 웹사이트에 방문하셔서 #F5870A 장치확인 #버튼을 클릭해주세요.,"访问我们的网站,然后单击#F5870A 设备验证#按钮.",Visita nuestro sitio web y haz clic en el botón #F5870A Iniciar verificación,Besuchen Sie unsere Website und klicken Sie auf die Schaltfläche #F5870A Start Verification#,ウェブサイトを訪れて、#F5870A 認証を開始#ボタンをクリックしてください
,20,verify_cont2,Scan the QR code displayed on the website to get your device verification code.,"Отсканируйте QR-код, отображаемый на веб-сайте, чтобы получить код подтверждения устройства.","""장치 확인"" 페이지에 표시된 QR 코드를 스캔하면 장치 인증 코드를 받을 수 있습니다.","使用设备扫描""设备验证""页面上显示的二维码后,会在设备上显示验证码.",Escanea el código QR que se muestra en el sitio web para obtener tu código de verificación del dispositivo,"Scannen Sie den auf der Website angezeigten QR-Code, um Ihren Geräteverifizierungscode zu erhalten.",ウェブサイトに表示されているQRコードをスキャンして、デバイスの認証コードを取得してください.
,20,verify_cont3,Enter the code on the website to check for any potential tampering with your device.,"Введите код на веб-сайте, чтобы завершить проверку устройства на подлинность.","""장치 확인"" 페이지에 인증 코드를 입력하여 장치의 변조 여부를 확인합니다. ","在""设备验证""页面上输入验证码,检查您的设备是否被篡改.",Ingresa el código en el sitio web para verificar cualquier posible manipulación de tu dispositivo,"Geben Sie den Code auf der Website ein, um mögliche Manipulationen an Ihrem Gerät zu überprüfen.",ウェブサイト上でコードを入力して、デバイスに何らかの改ざんが行われたかどうかを確認してください.
,24,verify_scan_qr_code,Scan QR Code,Сканировать QR-код,QR코드 스캔,扫描二维码,Escanear código QR,QR-Code scannen,QRコードをスキャンしてください
,24,calculat_modal_title,Calculating,Расчет,계산중 ,计算中...,Calculando,Berechnung,計算しています
,20,verify_modal_desc,Calculating Auth Code...,Вычисление кода авторизации...,인증 코드 받기 ,获取验证码...,Calculando código de autorización...,Berechne Authentifizierungscode...,認証コードを計算中...
,36,verification_code_title,Verification Code,Код проверки,인증 코드,验证码,Código de verificación,Bestätigungscode,認証コード
,24,verification_success,Verified,Проверено,인증 성공,验证成功,Verificado,Verifiziert,検証済み
,20,verification_code_desc,Enter this code on Forgebox's official website to verify your device's security.,"Введите этот код на официальном сайте Forgebox, чтобы проверить подлинность устройства.","""장치 확인"" 페이지에 인증 코드를 입력하여 장치 안전성을 확인할 수 있습니다. ","在""设备验证""页面上输入验证码,检查您的设备是否安全.",Ingresa este código en el sitio web oficial de Forgebox para verificar la seguridad de tu dispositivo,"Geben Sie diesen Code auf der offiziellen Website von Forgebox ein, um die Sicherheit Ihres Geräts zu überprüfen.",Forgeboxの公式ウェブサイトにこのコードを入力して、デバイスのセキュリティを確認してください.
,28,verification_code_failed_title,Unauthorized breach attempt detected!,Осторожно! Ваше устройство скомпрометировано!,무단 위반 시도가 감지되었습니다!,设备异常!,¡Se ha detectado un intento de violación no autorizada!,Unberechtigter Eindringversuch erkannt!,不正な侵入試行が検出されました！
,20,verification_code_failed_desc,"Your device may have been compromised, posing a risk to your sensitive data and digital assets.For your safety, we recommend erasing all personal data and contacting Forgebox Support team immediately for assistance.","Ваше устройство могло быть скомпрометировано, что представляет угрозу для ваших конфиденциальных данных и цифровых активов.В целях безопасности мы рекомендуем удалить все личные данные и немедленно обратиться в службу поддержки Forgebox за помощью.","장치는 잠재적으로 변조될 수 있으며, 개인 데이터 및 디지털 자산에 위협이 될 수 있습니다.자산 보안을 위해 모든 개인 데이터를 삭제하고 즉시 키스톤 지원팀에 연락하여 도움을 요청할 것을 권장합니다.","您的设备存在潜在篡改可能,这将会对您的隐私数据和数字资产造成威胁.为了您的资产安全,我们建议您删除所有个人数据,并立即与Forgebox支持团队联系以寻求帮助.","Tu dispositivo puede haber sido comprometido, lo que representa un riesgo para tus datos sensibles y activos digitales. 
Para tu seguridad, recomendamos borrar todos los datos personales y contactar de inmediato al equipo de soporte de Forgebox para obtener ayuda.","Ihr Gerät könnte kompromittiert worden sein, was ein Risiko für Ihre sensiblen Daten und digitalen Vermögenswerte darstellt. Zu Ihrer Sicherheit empfehlen wir, alle persönlichen Daten zu löschen und sofort das Forgebox-Supportteam zu kontaktieren, um Hilfe zu erhalten",お使いのデバイスは侵害された可能性があり、機密データおよびデジタル資産にリスクが及ぶことがあります。安全のため、すべての個人データを消去し、直ちにForgeboxサポートチームに連絡して支援を受けることをお勧めします
,20,verify_qr_link,https://keyst.one/verify,https://keyst.one/verify,https://keyst.one/verify,https://keyst.one/verify,https://keyst.one/verify,https://keyst.one/verify,https://keyst.one/verify
Firmware Update,36,firmware_update_title,Firmware Update,Обновление прошивки,펌웨어 업데이트,固件升级,Actualización de firmware,Firmware-Update,ファームウェアアップデート
,20,firmware_update_desc,"To unlock the newest features, please update your firmware to the latest version.",Чтобы получить больше возможностей обновите прошивку до последней версии.,최신 기능을 경험하시려면 최신 펌웨어를 다운로드하십시오!,"如需体验最新功能,请下载最新固件!","Para desbloquear las características más recientes, por favor actualiza el firmware a la última versión.","Um die neuesten Funktionen freizuschalten, aktualisieren Sie bitte Ihre Firmware auf die neueste Version",最新の機能を利用するためには、ファームウェアを最新バージョンにアップデートしてください
,28,firmware_update_via_sd,Via MicroSD Card,Через MicroSD карту,MicroSD 카드,MicroSD卡,A través de la tarjeta MicroSD,Über MicroSD-Karte,マイクロSDカード経由
,28,firmware_update_via_usb,Via USB,Через USB кабель,USB,USB,A través de USB,Via USB,USB経由で
,36,firmware_update_usb_title,USB Update,USB обновление,USB 업데이트,USB 更新,Actualización de USB,USB-Update,USBアップデート
,20,firmware_update_desc1,Ensure that your Forgebox has at least 40% battery life remaining.,"Убедитесь, что у вашего Forgebox осталось не менее 40% заряда батареи.",장치 배터리가 40% 이상인지 확인하십시오.,请确保您的设备电量高于 40%.,Asegúrate de que tu Forgebox tenga al menos un 40% de batería restante,"Stellen Sie sicher, dass Ihr Forgebox noch mindestens 20 % Batterielebensdauer hat.",Forgeboxが少なくとも40%のバッテリー残量を確保してください.
,20,firmware_update_desc2,Go to Forgebox's firmware update page using your computer or smartphone.,Перейдите на страницу обновления прошивки Forgebox с помощью компьютера или смартфона.,컴퓨터 또는 스마트폰을 사용하여 Forgebox의 펌웨어 업데이트 페이지로 이동합니다.,使用计算机或手机进入 Forgebox 的固件更新页面.,Ve a la página de actualización de firmware de Forgebox utilizando tu computadora o teléfono inteligente,Gehen Sie mit Ihrem Computer oder Smartphone zur Firmware-Aktualisierungsseite von Forgebox.,コンピュータまたはスマートフォンを使用して、Forgeboxのファームウェアのアップデートページにアクセスしてください.
,20,firmware_update_usb_desc3,Connect your Forgebox to your computer using a USB-C cable.,Подключите Forgebox к компьютеру с помощью кабеля USB-C.,USB-C 케이블을 사용하여 장치를 컴퓨터에 연결합니다.,使用 USB-C 线缆将设备连接至计算机.,Conecta tu Forgebox a tu computadora usando un cable USB-C,Verbinden Sie Ihren Forgebox mit Ihrem Computer über ein USB-C-Kabel.,「USB-Cケーブルを使用して、キーストーンをコンピュータに接続してください.」
,20,firmware_update_usb_desc4,Click the #F5870A Install Update# button on the webpage and follow the instructions to install the latest firmware.,Нажмите кнопку #F5870A Установить обновление# на веб-странице и следуйте инструкциям по установке.,"""WebUSB 펌웨어 업그레이드"" 페이지에서 #F5870A 연결 시작 #버튼을 클릭한 다음 안내를 따라 최신 펌웨어를 설치합니다.","单击 ""WebUSB 固件升级"" 页面上的#F5870A 开始连接#按钮,然后根据提示安装最新的固件.",Haz clic en el botón #F5870A Instalar Actualización# en la página web y sigue las instrucciones para instalar el firmware más reciente,"Klicken Sie auf die Schaltfläche ""Aktualisieren installieren"" #F5870A# auf der Webseite und folgen Sie den Anweisungen, um die neueste Firmware zu installieren.",ウェブページ上の「#F5870A インストールの更新#」ボタンをクリックし、最新のファームウェアをインストールするための指示に従ってください.
,20,firmware_update_usb_title2,Caution,Внимание,경고,警告,Precaución,Vorsicht,注意
,20,firmware_update_usb_desc5,Do not unplug the USB cable while the installation process is underway.,Не отключайте USB кабель во время процесса установки.,"업그레이드 중, USB 연결을 유지해 주세요.","升级中,请保持 USB 连接.",No desconectes el cable USB mientras el proceso de instalación esté en curso,Ziehen Sie das USB-Kabel während des Installationsvorgangs nicht ab.,インストールプロセスが進行中の間は、USBケーブルを抜かないでください.
,28,firmware_update_usb_qr_title,Firmware Update,Обновление прошивки,펌웨어 업데이트,固件升级,Actualización del firmware,Firmware-Update,ファームウェアアップデート
,20,firmware_update_usb_qr_link,https://keyst.one/webusb,https://keyst.one/webusb,https://keyst.one/webusb,https://keyst.one/webusb,https://keyst.one/webusb,https://keyst.one/webusb,https://keyst.one/webusb
,28,firmware_update_usb_connect_info_title,Connect to This Device?,Подключить устройство?,이 장치에 연결하시겠습니까?,连接到此设备?,¿Conectarse a este dispositivo?,Mit diesem Gerät verbinden?,このデバイスに接続しますか?
,20,firmware_update_usb_connect_info_desc,"Once connected, the external device will gain permission to transfer data to your Forgebox.",После подключения внешнее устройство получит разрешение на передачу данных на Forgebox.,연결되면 외부 장치는 데이터를 Forgebox으로 전송할 수 있는 권한을 갖게 됩니다.,"连接后,外部设备将获得将数据传输到 Forgebox 的权限.","Una vez conectado, el dispositivo externo obtendrá permiso para transferir datos a tu Forgebox.","Sobald verbunden, erhält das externe Gerät die Erlaubnis, Daten auf Ihren Forgebox zu übertragen.",接続が完了すると、外部デバイスはForgeboxにデータを転送する許可が得られます.
,20,firmware_update_updating_desc,Takes around 10 mins,Это займет около 10 минут,약 10분 소요,大约需要 10 分钟,Toma alrededor de 10 minutos,Dauert etwa 10 Minuten.,約10分かかります.
,20,firmware_update_usb_updating_hint,Do not disconnect the USB cable during the installation process.,Не отключайте USB кабель во время процесса установки.,"업그레이드 중, USB 연결을 유지해 주세요.","升级中,请保持 USB 连接.",No desconectes el cable USB durante el proceso de instalación,Trennen Sie während des Installationsvorgangs nicht das USB-Kabel.,インストールプロセス中にUSBケーブルを切断しないでください.
,36,firmware_update_sd_title,MicroSD Update,MicroSD обновление,microSD 업데이트,MicroSD更新,Actualización de MicroSD,Die Aktualisierung der MicroSD,マイクロSDのアップデート
,20,firmware_update_sd_desc2_link,https://keyst.one/firmware,https://keyst.one/firmware,https://keyst.one/firmware,https://keyst.one/firmware,https://keyst.one/firmware,https://keyst.one/firmware,https://keyst.one/firmware
,20,firmware_update_sd_desc3,Transfer the firmware file (forgebox.bin) to your Forgebox using a MicroSD card formatted in FAT32.,Перенесите файл с прошивкой (forgebox.bin) на Forgebox используя MicroSD карту с форматированием FAT32.,펌웨어(forgebox.bin)를 microSD(포맷: FAT32)에 다운로드하고 SD 카드를 장치에 연결합니다.,"将固件(forgebox.bin)下载到 FAT32 格式的 microSD 卡内,插入到设备中.",Transfiere el archivo de firmware (forgebox.bin) a tu Forgebox utilizando una tarjeta MicroSD formateada en FAT32,Übertragen Sie die Firmware-Datei (forgebox.bin) mithilfe einer mit FAT32 formatierten MicroSD-Karte auf Ihren Forgebox.,Forgeboxにファームウェアファイル(forgebox.bin)をMicroSDカードに転送し、そのカードをFAT32形式でフォーマットしてください.
,20,firmware_update_sd_desc4,Tap the #F5870A Update# button below to initiate the process.,"Нажмите кнопку #F5870A Обновить# ниже, чтобы начать процесс.",하단의 #F5870A 업데이트 #버튼을 누르시면 업그레이드가 시작됩니다.,"点击下方的#F5870A 更新#按钮,开始升级.",Toca el botón 'Actualizar' #F5870A que se encuentra debajo para iniciar el proceso,"Tippen Sie unten auf die Schaltfläche ""Update"" in der Farbe #F5870A, um den Vorgang zu starten.",プロセスを開始するには、下の#F5870Aアップデート#ボタンをタップしてください
,24,firmware_update_sd_copying_title,Starting Update,Старт обновления,업데이트 시작,开始更新,Actualización en curso,Update wird gestartet,アップデートを開始します
,20,firmware_update_sd_copying_desc,Do not remove the MicroSD Card while the update is underway.,Не доставайте MicroSD карту во время загрузки прошивки.,업그레이드 중에는 microSD 카드를 제거하지 마십시오.,"升级过程中,请勿移除 microSD 卡.",No retires la tarjeta MicroSD mientras la actualización esté en curso,"Entfernen Sie die MicroSD-Karte nicht, während das Update im Gange ist.",アップデート中はMicroSDカードを取り外さないでください.
,28,firmware_update_sd_dialog_title,New Firmware Detected,Обнаружено новое программное обеспечение,새 펌웨어가 감지되었습니다,检测到新固件,Actualización disponible,Neue Firmware erkannt,新しいファームウェアが検出されました
,20,firmware_update_sd_dialog_desc,Do you want to update your device's firmware to the new version?,Вы хотите обновить прошивку вашего устройства до новой версии?,새 버전으로 기기의 펌웨어를 업데이트하시겠습니까?,您想将设备的固件更新到新版本吗?,Una nueva versión de firmware está disponible. ¿Quieres actualizar el firmware de tu dispositivo a la nueva versión?,Möchten Sie die Firmware Ihres Geräts auf die neue Version aktualisieren?,デバイスのファームウェアを新しいバージョンに更新しますか?
,28,firmware_update_sd_failed_access_title,MicroSD Card Not Detected,MicroSD карта не обнаружена,MicroSD 카드 인식 실패,未检测到 microSD 卡,Tarjeta MicroSD no detectada,Die MicroSD-Karte wird nicht erkannt.,マイクロSDカードが検出されていません.
,20,firmware_update_sd_failed_access_desc,Please ensure that you have properly inserted the MicroSD Card.,"Убедитесь, что вы правильно вставили MicroSD карту",MicroSD 카드가 올바르게 연결되었는지 확인하십시오.,请确保您已正确插入了microSD卡.,"Por favor, asegúrate de haber insertado correctamente la tarjeta MicroSD.","Bitte stellen Sie sicher, dass Sie die MicroSD-Karte ordnungsgemäß eingefügt haben.",マイクロSDカードが正しく挿入されていることを確認してください.
,28,firmware_update_no_upgradable_firmware_title,No Upgradable Firmware Detected,Обновляемой прошивки не обнаружено,업그레이드 가능한 펌웨어를 찾을 수 없습니다.,未检测到可升级固件,No se detectó firmware actualizable,Keine aktualisierbare Firmware erkannt,アップグレード可能なファームウェアが検出されませんでした.
,20,firmware_update_no_upgradable_firmware_desc,Your device firmware version is higher than or equal to the one on your microSD card.,Обновляемой прошивки не обнаружено,장치의 현재 버전이 MicroSD 카드의 펌웨어 버전보다 높거나 같습니다.,设备当前版本已高于或等于 microSD 卡上的固件版本.,La versión del firmware de tu dispositivo es superior o igual a la que está en tu tarjeta microSD,Ihre Geräte-Firmware-Version ist höher als oder gleich der auf Ihrer microSD-Karte.,あなたのデバイスのファームウェアバージョンは、マイクロSDカードに保存されているものと同じかそれよりも高いです.
,20,firmware_update_deny_input_password,Enter Password,Введите пароль,비밀번호 입력,输入密码,Introduce la contraseña,Geben Sie das Passwort ein,パスワードを入力してください.
,28,firmware_update_deny_title,Unlock Device Required,Разблокируйте устройство,장치 잠금 해제 필요합니다. ,需要解锁设备,Es necesario desbloquear el dispositivo,Gerät entsperren erforderlich,デバイスのロック解除が必要です.
,20,firmware_update_deny_desc,You need to unlock your device to upgrade the firmware version.,Необходимо разблокировать устройство для обновления прошивки.,펌웨어 버전을 업그레이드하려면 장치의 잠금을 해제해야 합니다.,您需要解锁设备以升级固件版本.,Necesitas desbloquear tu dispositivo para actualizar la versión del firmware,"Sie müssen Ihr Gerät entsperren, um die Firmware-Version zu aktualisieren.",デバイスのファームウェアバージョンをアップグレードするためには、デバイスのロックを解除する必要があります.
,24,Quit,Quit,Выйти,종료,退出,Salir,Aufhören,辞める
,24,Address,Address,Адрес,주소,地址,Dirección,Adresse,住所
,20,Primary_Address,Primary Address,Основной адрес,기본 주소,主地址,Dirección Principal,Hauptadresse,主要住所
,20,Sub_Address,Subaddress,Подадрес,하위 주소,子地址,Dirección Secundaria,Nebenadresse,サブ住所
,28,update_success,Update Successful,Обновление завершено,업그레이드 성공,升级成功,Actualización exitosa,Update erfolgreich,更新が完了しました.
,20,illustrate_supplement,.,.,.,小秒天,,.,秒
,20,Undo,Undo,отменить,되돌리다,撤销,Deshacer,Rückgängig machen,アンドゥ
About Info,24,about_info_firmware_version,Firmware Version,Версия прошивки,펌웨어 버전,固件版本,Versión de firmware,Firmware-Version,ファームウェアバージョン
,24,about_info_firmware_version_head,Firmware,Прошивка,펌웨어,固件,Firmware,Firmware,ファームウェア
,24,about_info_serial_number,Serial Number,Серийный номер,제조 번호,序列号,Número de serie,Seriennummer,シリアルナンバー
,24,about_info_export_log,Export System Log,Выгрузка логов,시스템 로그 내보내기,导出系统日志,Exportar el registro del sistema,Systemprotokoll exportieren,エクスポートシステムログ
,24,about_info_device_uid,Device UID,IOD устройства,장치 UID,设备UID,UID del dispositivo,Gerät UID,デバイスUID
,24,about_info_fingerprint_firmware_version,Fingerprint Firmware Version,Отпечаток версии прошивки,지문 펌웨어 버전,指纹固件版本,Versión del firmware de huella dactilar,Fingerabdruck-Firmware-Version,指紋のファームウェアバージョン
,24,about_info_battery_voltage,Battery Voltage,Напряжение батареи,배터리 전압,电池电压,Voltaje de la batería,Batteriespannung,バッテリー電圧
,28,about_info_result_export_successful,Export Successful,Успешная выгрузка,내보내기 성공,导出成功,Exportación exitosa,Export erfolgreich,エクスポートが成功しました.
,20,about_info_result_export_successful_desc,Your system log has been successfully exported to the MicroSD Card.,Системные логи были успешно выгружены на MicroSD карту.,시스템 로그를 MicroSD 카드로 내보냈습니다.,您的系统日志已成功导出到 microSD 卡.,El registro de tu sistema ha sido exportado correctamente a la tarjeta MicroSD,Ihr Systemprotokoll wurde erfolgreich auf die MicroSD-Karte exportiert.,システムログはMicroSDカードに正常にエクスポートされました.
,28,about_info_result_export_failed,Export Failed,Ошибка выгрузки,내보내기 실패,导出失败,Exportación fallida,Export fehlgeschlagen,エクスポートに失敗しました.
,20,about_info_result_export_failed_desc_no_sdcard,Please ensure you've inserted a MicroSD Card formatted in FAT32.,"Убедитесь, что вы вставили MicroSD карту, отформатированную в FAT32.",FAT32로 포맷된 MicroSD 카드를 삽입했는지 확인하십시오.,请确保您插入了 FAT32 格式的 microSD 卡.,Por favor asegúrate de haber insertado una tarjeta MicroSD formateada en FAT32,"Bitte stellen Sie sicher, dass Sie eine MicroSD-Karte im Format FAT32 eingefügt haben.",FAT32でフォーマットされたMicroSDカードが正しく挿入されていることをご確認ください.
,20,about_info_result_export_failed_desc_no_space,Please make sure your MicroSD card has enough memory.,"Убедитесь, что на MicroSD карте достаточно памяти.",MicroSD 카드에 충분한 메모리가 있는지 확인해 주세요.,请确保您的 microSD 卡具有足够的内存.,"Por favor, asegúrate de que tu tarjeta MicroSD tenga suficiente memoria.","Bitte stellen Sie sicher, dass Ihre MicroSD-Karte genügend Speicherplatz hat.",MicroSDカードの容量が十分であることを確認してください.
,20,about_info_export_file_name,File name:,прошивкой Название:,파일명,文件名,Nombre de archivo:,Dateiname:,ファイル名:
,28,about_info_export_to_sdcard,Export Log to MicroSD Card,Выгрузить логи на MicroSD,MicroSD 카드로 로그 내보내기,将日志导出到 microSD卡,Exportar registro a tarjeta MicroSD,Exportieren Sie das Protokoll auf eine MicroSD-Karte.,マイクロSDカードにログをエクスポート
,20,about_info_verify_firmware_desc, This is an advanced feature for developers to verify that the firmware running on your Forgebox device is consistent with the one we open-sourced.,"Это расширенная функция, позволяющая разработчикам проверить, соответствует ли прошивка устройства Forgebox той версии, исходный код которой мы предоставили в открытом доступе",이 기능은 개발자들이 키스톤 장치에서 실행중인 펌웨어가 우리가 오픈 소스로 공개한 펌웨어와 일치하는지 확인하기 위한 고급 기능입니다,"这是一个高级功能,用于开发人员验证在Forgebox设备上运行的固件是否与我们开源的固件相一致.","Esta es una función avanzada para los desarrolladores, que les permite verificar que el firmware que se está ejecutando en tu Forgebox es consistente con el que hemos abierto.","Dies ist ein fortgeschrittenes Feature für Entwickler, um zu überprüfen, ob die Firmware auf Ihrem Forgebox-Gerät mit der von uns freigegebenen Firmware übereinstimmt.",これは開発者向けの高度な機能で、 Forgeboxデバイス上で実行されるファームウェアがオープンソース化されたものと一致していることを検証するためのものです
,20,about_info_verify_firmware_step1,Go to Forgebox's open-sourced GitHub repo and follow the instructions to build your firmware and get the checksum.,"Перейдите в репозиторий Forgebox на GitHub с открытым исходным кодом и следуйте инструкциям, чтобы собрать прошивку и получить контрольную сумму",Forgebox의 오픈 소스 GitHub 저장소로 이동하여 펌웨어를 빌드하고 체크섬을 얻는 지침을 따르세요,"进入 Forgebox 的开源 GitHub 页面,并按照说明进行构建固件并计算对应校验和.",Ve al repositorio de GitHub de Forgebox de código abierto y sigue las instrucciones para construir tu firmware y obtener el checksum,"Gehen Sie zum Open-Source-GitHub-Repo von Forgebox und befolgen Sie die Anweisungen, um Ihre Firmware zu erstellen und die Prüfsumme zu erhalten.","これは開発者向けの高度な機能で,Forgebox デバイス上で実行されるファームウェアがオ ープンソース化されたものと一致して いることを検証するためのものです"
,20,about_info_verify_firmware_step2,Click the #F5870A Checksum# button next to the firmware download.,Нажмите кнопку #F5870A Контрольная# #F5870A сумма# рядом с загрузкой прошивки,펌웨어 페이지에서 "펌웨어 다운로드" 버튼 옆의 #F5870A Checksum#을 클릭합니다.,"点击固件页面中,""固件下载""按钮旁的 #F5870A Checksum#.",Haz clic en el botón #F5870A Checksum# junto a la descarga del firmware,Klicken Sie auf die Schaltfläche #F5870A Prüfsumme# neben dem Firmware-Download.,ファームウェアのダウンロード横にある「#F5870A チェックサム#」ボタンをクリックしてください.
,20,about_info_verify_firmware_step3,Tap the #F5870A Show Checksum# button below and compare the info shown on the webpage and your device.,"Нажмите кнопку #F5870A Показать контрольную# #F5870A сумму# ниже и сравните информацию, отображаемую на веб-странице и на вашем устройстве",아래의 #F5870A 체크섬 보기# 버튼을 눌러 웹페이지에 표시된 정보와 장치의 정보를 비교하세요,"点击下面的 #F5870A 展示校验和# 按钮,然后将第二步的校验和与之进行对比.",Toca el botón de #F5870A Ver suma de comprobación# a continuación y compara la información mostrada en la página web y en tu dispositivo,"Tippen Sie auf die Schaltfläche #F5870A Prüfsumme anzeigen# unten und vergleichen Sie die Informationen, die auf der Webseite und Ihrem Gerät angezeigt werden.",以下のウェブページとデバイス上に表示された情報を比較するために、下の#F5870A サムチェックボタン#をタップしてください.
,36,about_info_verify_source_code_title,Verify Source Code,Проверка исходного кода,소스 코드 검증,验证源代码,Verificar Código Fuente,Überprüfe den Quellcode,ソースコードを検証する
,36,about_info_verify_checksum_title,Checksum,Контрольная сумма,체크섬,校验和,Suma de verificación,Prüfsumme,チェックサム
,20,about_info_verify_checksum_text,Checksum,Контрольная сумма,체크섬,校验和,Suma de comprobación,Prüfsumme,チェックサム
,20,about_info_verify_checksum_desc,"Please check if the above information matches the webpage. If it does not match, it means that your firmware may have been tampered with. Please stop using it immediately.","Проверьте, соответствует ли приведенная выше информация веб-странице. Если он не совпадает, это означает, что ваша прошивка могла быть подделана. Прекратите использование устройства.",만약 위의 정보가 자체적으로 계산한 mh1903.bin 파일의 체크섬 일치하면 오픈 소스 펌웨어가 장치의 펌웨어와 일치함을 의미합니다.,"如果以上信息与您自行计算的 mh1903.bin 文件的校验和匹配,则意味着我们的开源固件与设备中的固件一致.","Por favor verifica si la información anterior coincide con la página web. Si no coincide, significa que tu firmware podría haber sido manipulado. Por favor, deja de usarlo inmediatamente.","Bitte überprüfen Sie, ob die obigen Informationen mit der Webseite übereinstimmen. Wenn sie nicht übereinstimmen, bedeutet dies, dass Ihre Firmware manipuliert worden sein könnte. Bitte verwenden Sie sie sofort nicht mehr.",上記の情報がウェブページと一致しているか確認してください.一致しない場合、ファームウェアが改ざんされている可能性があります.即座に使用を中止してください.
,20,firmware_update_verify_firmware_qr_link,ForgeboxHQ/forgebox-firmware/docs/verify.md,ForgeboxHQ/forgebox-firmware/docs/verify.md,ForgeboxHQ/forgebox-firmware/docs/verify.md ,ForgeboxHQ/forgebox-firmware/docs/verify.md,ForgeboxHQ/forgebox-firmware/docs/verify.md,ForgeboxHQ/forgebox-firmware/docs/verify.md,ForgeboxHQ/forgebox-firmware/docs/verify.md
,20,firmware_update_sd_checksum_desc,#F5870A Show Checksum#,#F5870A Показать контрольную сумму#,#F5870A 체크섬 표시#,#F5870A 展示校验和#,#F5870A Mostrar Suma de Verificación#,#F5870A Zeige Prüfsumme#,#F5870A チェックサムを表示#
,20,firmware_update_sd_checksum_done,"Checksum:
","Контрольная сумма:
","체크섬
","校验和
",Suma de verificación:,"Prüfsumme
","チェックサム:
"
,20,firmware_update_sd_checksum_fmt,#F5870A Show Checksum(%d%%)#,#F5870A Показать контрольную сумму(%d%%)#,#F5870A 체크섬 표시 (%d%%)#,#F5870A 展示校验和 (%d%%)#,#F5870A Mostrar Suma de Verificación(%d%%)#,#F5870A Prüfsumme anzeigen(%d%%)#,#F5870A チェックサムを表示(%d%%) #
,20,firmware_update_sd_checksum_notice,"This is an optional feature to further enhance security. Compare the following checksum with the checksum of your download package on the official website, ensure that they are consistent.","Это дополнительная функция, предназначенная для дальнейшего повышения безопасности. Сравните следующую контрольную сумму с контрольной суммой вашего загружаемого пакета на официальном сайте и убедитесь, что они совпадают",보안성을 더욱 높일 수 있는 옵션 기능입니다.아래 체크섬과 공식 홈페이지에서 다운로드한 패키지의 체크섬을 비교하여 동일하게 유지하여 주시기 바랍니다.,"这是一个可选的功能,可以进一步提高安全性.将以下校验和在官方网站上的下载软件包的校验和签到,请确保它们保持一致.","Esta es una característica opcional para aumentar aún más la seguridad. Compara el siguiente checksum con el checksum de tu paquete de descarga en el sitio web oficial, asegúrate de que sean consistentes.","Dies ist eine optionale Funktion, um die Sicherheit weiter zu verbessern. Vergleichen Sie die folgende Prüfsumme mit der Prüfsumme Ihres Download-Pakets auf der offiziellen Website, stellen Sie sicher, dass sie übereinstimmen.",これはセキュリティをさらに強化するためのオプション機能です.公式ウェブサイトでのダウンロードパッケージのチェックサムと以下のチェックサムを比較し、一致することを確認してください.
,24,verify_firmware,Verify Firmware,Провека прошивки,펌웨어 검증,验证固件,Verificar firmware,Firmware überprüfen,ファームウェアを検証する
About Forgebox,24,about_keystone_title,About Forgebox,О Forgebox,About Forgebox,关于 Forgebox,Sobre Forgebox,Über Forgebox,Forgeboxについて
,28,about_keystone_website,WebSite,Сайт,웹사이트,网站,Sitio web,Webseite,ウェブサイト
,20,about_keystone_website_url,keyst.one,keyst.one,keyst.one,keyst.one,keyst.one,keyst.one,keyst.one
,28,about_keystone_twitter,Twitter,Twitter,Twitter,Twitter,Twitter,Twitter,ツイッター
,20,about_keystone_twitter_url,twitter.com/ForgeboxWallet,twitter.com/ForgeboxWallet,twitter.com/ForgeboxWallet,Twitter.com/ForgeboxWallet,twitter.com/ForgeboxWallet,twitter.com/ForgeboxWallet,twitter.com/ForgeboxWallet
,28,about_keystone_discord,Discord,Discord,Discord,Discord,Discord,Discord,ディスコード
,20,about_keystone_discord_url,keyst.one/discord,keyst.one/discord,keyst.one/discord,keyst.one/discord,keyst.one/discord,keyst.one/discord,keyst.one/discord
,28,about_keystone_telegram,Telegram,Telegram,Telegram,Telegram,Telegram,Telegram,テレグラム
,20,about_keystone_telegram_url,t.me/keystonewallet,t.me/keystonewallet,t.me/keystonewallet,T.Me/ForgeboxWallet,t.me/keystonewallet,t.me/keystonewallet,t.me/keystonewallet
About Terms,20,about_terms_website_url,https://keyst.one/terms,https://keyst.one/terms,https://keyst.one/terms,https://keyst.one/terms,https://keyst.one/terms,https://keyst.one/terms ,https://keyst.one/terms
,24,about_terms_title,Terms of Use,Условия использования,이용약관,使用条款,Términos de Uso,Nutzungsbedingungen,利用規約
,28,about_terms_subtitle,Forgebox Terms of Use,Условия использования Forgebox,키스톤 이용약관,基石使用条款,Términos de Uso de Forgebox,Nutzungsbedingungen für Forgebox,Forgebox利用規約
,20,about_terms_desc,"To access the full version of the TERMS OF USE, please visit the following link:","Чтобы получить доступ к полной версии УСЛОВИЙ ИСПОЛЬЗОВАНИЯ, перейдите по ссылке:",사용 약관의 전체 버전에 액세스하려면 다음 링크를 참조하십시오:,"要访问使用条款的完整版本,请访问以下链接:","Para acceder a la versión completa de los TÉRMINOS DE USO, visita el siguiente enlace:","Um auf die vollständige Version der Nutzungsbedingungen zuzugreifen, besuchen Sie bitte den folgenden Link:",「ご利用条件」の全文にアクセスするには、以下のリンクをご覧ください.
,28,about_terms_eligibility,Eligibility,Ограничение,자격,合格,Elegibilidad,Berechtigung,資格
,20,about_terms_eligibility_desc,You must be 18 years old or above to access and use our Products or Services.,Для доступа и к нашим продуктам и услугам вам должно быть 18 лет или больше.,당사의 제품 또는 서비스에 액세스하고 사용하려면 18세 이상이어야 합니다.,您必须年满18岁才能访问和使用我们的产品或服务.,Debes tener 18 años o más para acceder y usar nuestros Productos o Servicios,"Sie müssen mindestens 18 Jahre alt sein, um auf unsere Produkte oder Dienstleistungen zugreifen und sie nutzen zu können.",私たちの製品またはサービスを利用するには、18歳以上である必要があります.
,28,about_terms_product_and_services,Forgebox Product & Services,Продукты и услуги Forgebox,키스톤 제품 및 서비스,Forgebox产品和服务,Productos y Servicios Forgebox,Forgebox Produkt- und Dienstleistungen,キーストーンプロダクト＆サービス
,20,about_terms_product_and_services_desc,Our hardware wallet securely manages cryptocurrencies.,Наш аппаратный кошелек безопасно управляет криптовалютами.,당사의 하드웨어 지갑은 암호화폐를 안전하게 관리합니다.,我们的硬件钱包安全地管理加密货币.,Nuestra billetera de hardware administra de forma segura criptomonedas,Unsere Hardware-Brieftasche verwaltet Kryptowährungen sicher.,私たちのハードウェアウォレットは暗号通貨を安全に管理します.
,20,about_terms_no_sensitive_information,No Retrieval of Sensitive Information,Конфиденциальная информация,중요한 정보를 검색하지 않음,不检索敏感信息,No hay recuperación de información confidencial,Kein Abrufen sensibler Informationen,機密情報の取得はありません.
,20,about_terms_no_sensitive_information_desc,We do not store your sensitive information like passwords or seed phrases. Keep your credentials safe.,"Мы не храним вашу конфиденциальную информацию, такую как пароли или сид фразы. Только вы ответственны за их хранение.",비밀번호나 시드 문구와 같은 중요한 정보는 저장하지 않습니다. 자격 증명을 안전하게 유지하십시오.,"我们不存储您的敏感信息,例如密码或助记词.保持您的凭据安全.",No almacenamos información delicada como contraseñas o frases de recuperación. Mantén tus credenciales seguras,Wir speichern keine sensiblen Informationen wie Passwörter oder Seed-Phrasen. Bewahren Sie Ihre Zugangsdaten sicher auf.,私たちはパスワードやシードフレーズのような重要な情報を保存しません.自分の認証情報を安全に保ってください.
,28,about_terms_risks,Risks,Риски,위험,风险,Riesgos,Risiken,リスク
,20,about_terms_risks_desc,Be aware of the risks associated with cryptocurrencies and technology vulnerabilities.,"Помните о рисках, связанных с криптовалютами и уязвимостями технологий.",암호화폐 및 기술 취약성과 관련된 위험을 인식해야 합니다.,请注意与加密货币和技术漏洞相关的风险.,Ten en cuenta los riesgos asociados con las criptomonedas y las vulnerabilidades tecnológicas,Seien Sie sich der mit Kryptowährungen verbundenen Risiken und Technologieanfälligkeiten bewusst.,仮想通貨や技術の脆弱性に関連するリスクに注意してください.
,28,about_terms_prohibited_conduct,Prohibited Conduct,Права собственности,금지된 행위,禁止行为,Conducta Prohibida,Verbotenes Verhalten,禁止行為
,20,about_terms_prohibited_product_desc,Our Products and Services are protected by intellectual property laws.,Наши Продукты и Услуги защищены законами об интеллектуальной собственности.,당사의 제품 및 서비스는 지적 재산권법에 의해 보호됩니다.,我们的产品和服务受知识产权法保护.,Nuestros productos y servicios están protegidos por leyes de propiedad intelectual,Unsere Produkte und Dienstleistungen sind durch geistige Eigentumsrechte geschützt.,私たちの製品やサービスは知的財産法で保護されています.
,28,about_terms_ownership,Ownership & Proprietary Rights,Ответственность,소유권 및 독점권,所有权和专有权利,Propiedad y derechos de propiedad,Eigentum und Eigentumsrechte,所有権と所有権に関する権利
,20,about_terms_ownership_desc,You are responsible for your actions while using the Products and Services.,Вы несете ответственность за свои действия при использовании Продуктов и Услуг.,귀하는 제품 및 서비스를 사용하는 동안 귀하의 행동에 책임이 있습니다.,"在使用产品和服务时,您应对自己的行动负责.",Eres responsable de tus acciones al usar los Productos y Servicios,"Sie sind für Ihre Handlungen verantwortlich, während Sie die Produkte und Dienstleistungen nutzen.",製品およびサービスの利用中は、自分の行動に責任を持つ必要があります.
,20,about_terms_indemnity,Indemnity,Условия использования,보장,赔款,Indemnización,Entschädigung or Schadenersatz.,保証
,28,about_terms_discontinuance_service,Discontinuance of Service,Прекращение обслуживания,서비스 중단,服务中断,Interrupción del servicio,Einstellung des Dienstes,サービスの終了
,20,about_terms_discontinuance_service_desc,We may modify or discontinue our services. Remember to back up your seed phrase to access your cryptocurrencies.,Мы можем изменить или прекратить предоставление наших услуг. Не забудьте создать резервную копию сид фразы для доступа к вашим криптовалютам.,서비스를 수정하거나 중단할 수 있습니다. 암호화폐에 액세스하려면 시드 문구를 백업하는 것을 기억하십시오.,我们可能会修改或停止我们的服务.请务必备份您的助记词以访问您的加密货币.,Podemos modificar o interrumpir nuestros servicios. Recuerda hacer una copia de seguridad de tu frase semilla para acceder a tus criptomonedas,"Wir können unsere Dienste ändern oder einstellen. Vergessen Sie nicht, Ihren Wiederherstellungsschlüssel zu sichern, um auf Ihre Kryptowährungen zugreifen zu können.",私たちはサービスを修正または中止する可能性があります.暗号通貨にアクセスするためにシードフレーズをバックアップすることを忘れずに.
,28,about_terms_disclaimers,DISCLAIMERS,ОТКАЗ ОТ ОТВЕТСТВЕННОСТИ,면책사항,免责声明,DESCARGO DE RESPONSABILIDAD,Haftungsausschluss,免責事項
,20,about_terms_disclaimers_desc,The information provided is not financial advice. Seek professional advice before making any decisions.,"Предоставленная информация не является финансовой рекомендацией. Прежде чем принимать какие-либо решения, обратитесь за профессиональной консультацией.",제공된 정보는 재정적인 조언이 아닙니다. 어떤 결정을 내리기 전에 전문적인 조언을 구하세요.,"提供的信息不是财务建议.在做出任何决定之前,请寻求专业建议.",La información proporcionada no constituye asesoramiento financiero. Busque el asesoramiento de un profesional antes de tomar cualquier decisión,Die bereitgestellten Informationen stellen keine Finanzberatung dar. Suchen Sie vor der Entscheidung professionellen Rat.,提供された情報は金融アドバイスではありません.どんな決定をする前に、専門家のアドバイスを求めてください.
,20,about_terms_law,Governing Law and Dispute Resolution,Применимое право и разрешение споров,관련법과 분쟁해결,管理法律和争议解决,Ley aplicable y resolución de disputas,Geltendes Recht und Streitbeilegung,「法律の適用および紛争解決」
,20,about_terms_law_desc,"The Terms are governed by Hong Kong SAR laws, and any dispute must be filed within one year.","Условия регулируются законодательством Гонконга, и любые споры должны быть поданы в течение одного года.","본 약관은 홍콩 특별행정구법에 따라 적용되며, 모든 분쟁은 1년 이내에 제기되어야 합니다.","该条款受香港法律管辖,任何争议都必须在一年内提出.",Los Términos están regidos por las leyes de la RAS de Hong Kong y cualquier disputa debe presentarse dentro de un año,"Die Bedingungen unterliegen den Gesetzen der Sonderverwaltungsregion Hongkong, und jeder Streit muss innerhalb eines Jahres eingereicht werden.",条件は香港SAR法に基づきます.紛争は1年以内に申し立てる必要があります.
,28,about_terms_contact_us,Contact Us,Связь с нами,우리에게 연락하세요,联系我们,Contáctenos,Kontaktiere uns,お問い合わせ
,20,about_terms_contact_us_desc,"If you have any questions or concerns, please email us at support@keyst.one.","Если у вас есть какие-либо вопросы или проблемы, напишите нам по адресу support@keyst.one.",질문이나 우려 사항이 있으시면 support@keyst.one으로 이메일을 보내주시기 바랍니다.,"如果您有任何疑问或疑虑,请给我们发送电子邮件至support@keyst.one.","Si tienes alguna pregunta o inquietud, por favor envíanos un correo electrónico a support@keyst.one.","Wenn Sie Fragen oder Bedenken haben, senden Sie uns bitte eine E-Mail an support@keyst.one.",ご質問やご心配事がございましたら、support@keyst.one までメールでお問い合わせください.
,28,about_terms_modification,Modification of these Terms,Изменения настоящих условий,본 약관 수정,修改这些术语,Modificación de estos Términos,Änderungen dieser Bedingungen,「これらの利用規約の変更」
,20,about_terms_modification_desc,We reserve the right to change these Terms at our discretion.,Мы оставляем за собой право изменять настоящие Условия по своему усмотрению.,당사는 본 약관을 당사의 재량에 따라 변경할 수 있는 권리를 보유합니다.,我们保留酌情决定更改这些条款的权利.,Nos reservamos el derecho de cambiar estos Términos a nuestra discreción,"Wir behalten uns das Recht vor, diese Bedingungen nach eigenem Ermessen zu ändern.",私たちは、これらの条件を自己の裁量により変更する権利を留保します.
Device Info,24,device_info_title,Device Info,Об устройстве,장치 정보,设备信息,Información del dispositivo,Geräteinfo,デバイス情報
USB connect,24,usb_connection_title,Connection,Соединение,연결,连接方式,Conexión,Verbindung,接続
,24,usb_connection_subtitle,Air-Gap Mode,Режим воздушного зазора,에어갭 모드,气隙模式,Modo Air-Gap,Air-Gap-Modus,エアギャップモード
,20,usb_connection_desc,"When enabled, the USB port can only be used for battery charging purposes.","Если этот режим включен, USB-порт можно использовать только для зарядки аккумулятора.",활성화된 경우 usb는 배터리 충전에만 사용할 수 있습니다,"启用气隙模式后,USB接口将仅用于充电","Cuando está habilitado, el puerto USB solo puede utilizarse para cargar la batería.","Wenn aktiviert, kann der USB-Anschluss nur zum Aufladen des Akkus verwendet werden.",有効になっている場合、USBポートはバッテリーの充電用にしか使用できません.
,20,sdcard_format_confirm,Format,Формат,포맷,格式化,Formato,Format,フォーマット
,24,sdcard_formating,Formatting,в процессе форматирования,포맷 진행중 ,正在格式化,Formateo,Formatierung,フォーマット
,20,sdcard_formating_desc,Do not remove the MicroSD card while formatting is in progress.,Не извлекайте карту microSD во время выполнения форматирования.,포맷 과정에서 MicroSD 카드를 제거하지 마십시오.,在格式化过程中请勿移除 MicroSD 卡.,No retires la tarjeta MicroSD mientras se está formateando,"Entfernen Sie die MicroSD-Karte nicht, während der Formatierungsvorgang läuft.",フォーマット中はMicroSDカードを取り外さないでください.
,28,sdcard_format_subtitle,Format MicroSD Card,Формат карты microSD,마이크로SD 카드 포맷,格式化 MicroSD 卡,Formatear tarjeta MicroSD,MicroSD-Karte formatieren,マイクロSDカードをフォーマット
,24,sdcard_format_text,Format MicroSD Card,Формат карты microSD,마이크로SD 카드 포맷,格式化 MicroSD 卡,Formatear tarjeta MicroSD,MicroSD-Karte formatieren,マイクロSDカードをフォーマット
,20,sdcard_format_desc,"Your MicroSD Card will be formatted to FAT32, erasing all files. Please back up essential files before formatting.","Ваша карта microSD будет отформатирована в формате FAT32, при этом все файлы будут удалены. Пожалуйста, перед форматированием создайте резервные копии необходимых файлов.",귀하의 MicroSD 카드는 FAT32로 포맷되고 모든 파일이 삭제될 것입니다.포맷하기 전에 중요한 파일을 백업해 주세요.,"您的 MicroSD 卡将被格式化为 FAT32,并被擦除所有文件.请在格式化之前备份重要文件.","Tu tarjeta MicroSD se formateará a FAT32, borrando todos los archivos. Por favor, realiza una copia de seguridad de los archivos esenciales antes de formatear.","Ihre MicroSD-Karte wird zu FAT32 formatiert, wodurch alle Dateien gelöscht werden. Bitte erstellen Sie Sicherungskopien wichtiger Dateien, bevor Sie formatieren.",「お使いのMicroSDカードはFAT32形式にフォーマットされ、すべてのファイルが削除されます.フォーマット前に重要なファイルをバックアップしてください.」
,28,sdcard_format_success_title,Formatting Complete,Форматирование завершено,포맷 완료,格式化完成,Formateo Completo,Formatierung abgeschlossen,フォーマットが完了しました
,20,sdcard_format_success_desc,The MicroSD Card has been successfully formatted to FAT32.,Карта microSD была успешно отформатирована в FAT32.,MicroSD 카드가 FAT32로 성공적으로 포맷되었습니다.,MicroSD 卡已成功格式化为 FAT32.,La tarjeta MicroSD ha sido formateada con éxito a FAT32.,Die MicroSD-Karte wurde erfolgreich in FAT32 formatiert.,マイクロSDカードは正常にFAT32にフォーマットされました.
,28,sdcard_format_failed_title,Formatting Failure,Незавершено форматирование,포맷 실패,格式化失败,Fallo de formato,Formatierungsfehler,フォーマットの失敗
,20,sdcard_format_failed_desc,"Formatting failed, replace the MicroSD Card or format it on the computer.","Не удалось выполнить форматирование, замените карту microSD или отформатируйте ее на компьютере.",포맷에 실패했습니다. MicroSD 카드를 교체하거나 컴퓨터에서 포맷하십시오.,"格式化失败,请更换 MicroSD 卡或在计算机上进行格式化.","El formateo falló, reemplaza la tarjeta MicroSD o formatea en la computadora.",Das Formatieren ist fehlgeschlagen. Ersetzen Sie die MicroSD-Karte oder formatieren Sie sie am Computer.,フォーマットに失敗しました.MicroSDカードを交換するか、コンピュータでフォーマットしてください.
password,20,password_error_too_short,Password must be at least 6 characters,Пароль должен состоять минимум из 6 символов,비밀번호는 6자 이상이어야 합니다.,密码必须至少 6 个字符,La contraseña debe tener al menos 6 caracteres,Das Passwort muss mindestens 6 Zeichen lang sein.,パスワードは最低6文字以上必要です.
,20,password_error_not_match,Passcode mismatch,Неверный код-пароль,비밀번호 불일치,密码不匹配,incompatibilidad de código de acceso,Passcode falsch,パスコードが一致しません


